GRB,episode,H0,Om0,E_max_MeV,t_arr_s,t_v_s,t_v_source,t_v_err_lower_s,t_v_err_upper_s,model,beta,alpha_LS,f_1,n_samples,seed,low_significance,Gamma_min_B_z1,Gamma_min_B_z1_err_lower,Gamma_min_B_z1_err_upper,Gamma_min_B_z2,Gamma_min_B_z2_err_lower,Gamma_min_B_z2_err_upper,Gamma_min_B_z3,Gamma_min_B_z3_err_lower,Gamma_min_B_z3_err_upper,Gamma_min_B_z5,Gamma_min_B_z5_err_lower,Gamma_min_B_z5_err_upper,Gamma_min_B_z7,Gamma_min_B_z7_err_lower,Gamma_min_B_z7_err_upper
GRB131014A,T90,69.6,0.286,1232.92,1.98351,3.2,duration,,,BAND_BB,-2.9043118953704834,2.9043118953704834,9.920482799063334,10000,3962326526,False,93.07309855133609,2.029026974458617,2.131381568537435,141.9002366961331,3.104258622915893,3.2647180841071872,184.06104599477604,4.002550935291566,4.2005351190492775,257.81615479221847,5.498561724922382,5.785857862941441,323.10505336517843,6.7863932804906995,7.131071417066607
GRB131014A,EX0,69.6,0.286,1232.92,1.98351,0.3746231596412219,norris,0.0014725232624612,0.0014391845352533,BAND_BB,-2.9424140453338623,2.9424140453338623,10.226746395765252,10000,3962326526,False,131.0804940657188,3.8184797110188384,4.182638714860616,199.82586413557092,5.843877185053628,6.402258448522787,259.24306754646653,7.530686898001477,8.245879971807199,363.2838587674537,10.395891538796093,11.332635405951407,455.462093904248,12.854452893090865,13.96879041231756
GRB131014A,TR1,69.6,0.286,1232.92,1.98351,0.3746231596412219,norris,0.0014725232624612,0.0014391845352533,BAND_BB,-2.9510128498077393,2.9510128498077393,17.618573686345556,10000,3962326526,False,142.79355695508391,3.970746998389984,4.188714822219453,217.67677531864314,6.076092244772383,6.409159544876843,282.4130217243328,7.830916706960011,8.262858865814167,395.7914142179489,10.77300794746617,11.393782842178496,496.2621264954591,13.28648894056704,14.077438672199548
GRB131014A,EX1,69.6,0.286,1193.12,4.31365,0.2891101520203282,norris,0.0042300863037728,0.00357152171626,BAND_BB,-2.801438093185425,2.801438093185425,1.6659095717094916,10000,3962326526,False,110.60848006875078,4.410501475623789,4.946121237652918,168.6835372207329,6.7497132285081705,7.569872046641677,218.69526767717682,8.699405717324481,9.753067856917369,305.95687011851487,12.000156578627355,13.426360200663567,383.0158436440046,14.812972704135063,16.570797773244124
GRB131014A,TR2,69.6,0.286,1021.24,3.18356,0.2891101520203282,norris,0.0042300863037728,0.00357152171626,SBPL_BB,-3.1090714931488037,3.1090714931488037,4.103489161030082,10000,3962326526,False,105.58172151219955,5.080324279305032,5.616250154743838,160.88323724789893,7.771848759223559,8.589325670179562,208.87690714963608,10.02515522656455,11.085455015493181,293.24834856626535,13.84956566427951,15.30548066221371,368.27393773779085,17.138922300755155,18.935736309018353
GRB140206B,T90,69.6,0.286,753.113,23.998,146.752,duration,,,BAND,-2.602043390274048,2.602043390274048,0.15387037927992409,10000,3962326526,False,27.347522147438756,0.4331499321779759,0.44204445269327053,41.730950832904185,0.6659852847489915,0.6786852966406869,54.04950537006855,0.8528178331083467,0.86967552953557,75.42844003551299,1.1602054586772823,1.1831805826342219,94.21434540112014,1.4119345898422466,1.4467998734484269
GRB140206B,EX0,69.6,0.286,225.299,7.55768,6.783999999999999,duration,,,BAND_BB,-2.889127016067505,2.889127016067505,1.0808828742218257,10000,3962326526,False,56.763590081676355,3.7293952903646215,4.133261563104874,86.54600515962596,5.7174192392439664,6.331309345318829,112.25222389018035,7.346634156099,8.14746001556827,157.205053854387,10.098400327983654,11.143386548836844,196.98390995700237,12.410694631363413,13.668433539532174
GRB140206B,TR1,69.6,0.286,225.299,7.55768,3.5839999999999987,duration,,,BAND_BB,-2.7704033851623535,2.7704033851623535,1.5161074730058957,10000,3962326526,False,71.83596009309991,4.952373531952659,5.643219420087647,109.56323863818244,7.587293486195122,8.649047517506759,142.02542024072483,9.762909285402941,11.11900947001999,198.6205155651549,13.388911393189801,15.220724601661459,248.56121661972037,16.481151467605514,18.672178297544633
GRB140206B,TR2,69.6,0.286,117.703,17.935,1.8817141130206572,norris,0.0439149863855095,0.041257320832724,BAND,-2.3522984981536865,2.3522984981536865,1.0392118997727866,10000,3962326526,False,99.667574242776,3.7631214529483117,3.9251731989491105,152.20950273673554,5.769081567371984,6.024623484417049,196.87339576037593,7.413755032843483,7.727363076169496,273.8216004022911,10.151746211228328,10.554347919949805,340.97807033532507,12.441144268866992,12.950203825556287
GRB140206B,TR3,69.6,0.286,753.113,23.998,1.0223046169573842,norris,0.3070180977600841,0.2865244189387526,BAND,-2.2791590690612793,2.2791590690612793,0.18640122130908798,10000,3962326526,False,85.39651820598733,6.5220388590965825,8.161515607089427,130.44759001531048,9.979504495257885,12.46596728339378,168.6547347480876,12.848780251214862,16.11271465497572,234.32824508443863,17.70518163341319,22.242344833926154,291.52257180537276,21.7990918963078,27.445067842046456
GRB140206B,TR4,69.6,0.286,576.248,27.4984,3.230025344225893,norris,0.0928027761429,0.090178502420692,BAND,-2.4182512760162354,2.4182512760162354,0.07351400411172614,10000,3962326526,False,52.72400685558421,2.2768543104004806,2.4866956214544373,80.50102006806215,3.4906204525624673,3.810098870315855,104.16150447183111,4.487557500594363,4.894798076141711,145.0064424311938,6.153822426797689,6.692238861602675,180.72045728824642,7.548918758383081,8.209521253863102
GRB140206B,TR5,69.6,0.286,194.486,81.567,40.25599999999999,duration,,,PL,-2.162787437438965,2.162787437438965,0.007507518717187181,10000,3962326526,True,24.572983990463577,1.1683799887211705,1.2433029622197083,37.55190451704667,1.7907346307806122,1.9052173844992026,48.51688827417526,2.302483560616416,2.4492590577503393,67.29289753149646,3.152948367205653,3.359735802593761,83.58695526883112,3.8749267682303667,4.130306217420809
GRB140206B,TR6,69.6,0.286,525.997,105.486,22.63537740724029,norris,0.8030365988988635,0.5241440954550924,CPL,,,,10000,3962326526,True,,,,,,,,,,,,,,,
GRB231129C,T90,69.6,0.286,722.523,3.84387,6.912,duration,,,SBPL_BB,-4.4376068115234375,4.4376068115234375,0.5011516945969018,10000,3962326526,False,26.997827921887993,2.2729558011802986,2.855372849087207,41.023313666987995,3.470949122291806,4.3605980407908405,53.51494746237974,4.489996815549354,5.640068043378186,76.02474930113667,6.2513749299750145,7.832205654166202,96.50175822576708,7.786716404366615,9.73859834679945
GRB231129C,EX0,69.6,0.286,122.941,0.683176,0.6056537704064633,norris,0.1083804681303698,0.0803733788649128,SBPL_BB,-3.4841866493225098,3.4841866493225098,1.6681756017214193,10000,3962326526,True,66.07309174326942,5.028610050561369,5.854920646193534,100.58923835117699,7.688945635116681,8.94651531716201,130.7976239115932,9.923315086100772,11.565108559592488,184.33507755179733,13.763284754022408,16.058038428777024,232.29919709497602,17.098271553534033,19.944749572984477
GRB231129C,TR1,69.6,0.286,122.941,0.683176,0.6056537704064633,norris,0.1083804681303698,0.0803733788649128,SBPL_BB,-4.197329998016357,4.197329998016357,1.05094452271713,10000,3962326526,True,45.216660326443936,4.550904598481161,5.47733253016785,68.7365455374009,6.94487634035729,8.36970353850819,89.60146413667735,8.991776325572772,10.820407495256376,127.05938649451552,12.557535634616016,15.075093389960415,161.0178218988748,15.674024601810828,18.73333475886227
GRB231129C,EX1,69.6,0.286,722.523,3.84387,0.8238663674551111,norris,0.106832633988704,0.0759393399843455,SBPL,-2.8169407844543457,2.8169407844543457,0.31819992037119804,10000,3962326526,False,68.78610407391035,2.4255846216705805,2.641675593810362,104.89766410997635,3.7106637276784937,4.035866710553435,136.0081530448958,4.782964768261621,5.216491497180272,190.31211713976538,6.628821461808116,7.198754293774812,238.28458408035343,8.21597357502057,8.92533441155416
GRB231129C,TR2,69.6,0.286,722.523,3.84387,0.8238663674551111,norris,0.106832633988704,0.0759393399843455,SBPL,-2.8628990650177,2.8628990650177,0.49672731309086454,10000,3962326526,False,72.25734540616286,2.5157836227680974,2.8867483549652633,110.17698220239251,3.843322881688394,4.410529242948527,142.88451295167323,4.964948235683096,5.695757961896277,200.0429769150388,6.881286815715896,7.8492543635055085,250.59181811509654,8.549010773305099,9.713260178245378
