GRB,episode,H0,Om0,z,E_max_MeV,t_arr_s,t_v_s,t_v_source,t_v_err_lower_s,t_v_err_upper_s,model,beta,alpha_LS,f_1,tau_hat,Gamma_min,Gamma_min_err_lower,Gamma_min_err_upper,n_samples,seed,low_significance
GRB080916C,T90,69.6,0.286,4.35,27428.8,40.5025,62.976,duration,,,SBPL_BB,-2.2507238388061523,2.2507238388061523,0.34482973157563446,7104678210.584029,507.4799368913107,8.943325661877793,6.363499421513325,10000,3983203661,False
GRB080916C,EX0,69.6,0.286,4.35,301.204,3.0251,4.030325773937077,norris,0.1811028473055644,0.1684629659090326,BAND_BB,-2.5455613136291504,2.5455613136291504,1.2543819056896401,398334611504.48364,360.7616899230147,7.639066489927188,7.455864917977692,10000,3983203661,False
GRB080916C,TR1,69.6,0.286,4.35,301.204,3.0251,4.030325773937077,norris,0.1811028473055644,0.1684629659090326,BAND_BB,-2.505154609680176,2.505154609680176,1.4866716191844411,471798645048.24115,373.9559719384381,7.852827913975261,7.7872439025338736,10000,3983203661,False
GRB080916C,TR2,69.6,0.286,4.35,2110.1,6.85664,0.4322519038779901,norris,0.1338695088318529,0.0894582734964665,BAND,-2.1220569610595703,2.1220569610595703,0.5488059615833194,1684327878727.4329,740.6419615136483,24.037777976790267,43.94229151391801,10000,3983203661,False
GRB080916C,TR3,69.6,0.286,4.35,27428.8,40.5025,15.385172369855391,norris,0.2569100882069612,0.25959905832595,SBPL,-2.2155921459198,2.2155921459198,0.22342943730675655,18935757404.830208,585.302988743847,4.674423472495732,4.448600785094413,10000,3983203661,False
GRB131014A,T90,69.6,0.286,,1232.92,1.98351,3.2,duration,,,BAND_BB,-2.9043118953704834,,,,,,,10000,3983203661,False
GRB131014A,EX0,69.6,0.286,,1232.92,1.98351,0.3746231596412219,norris,0.0014725232624612,0.0014391845352533,BAND_BB,-2.9424140453338623,,,,,,,10000,3983203661,False
GRB131014A,TR1,69.6,0.286,,1232.92,1.98351,0.3746231596412219,norris,0.0014725232624612,0.0014391845352533,BAND_BB,-2.9510128498077393,,,,,,,10000,3983203661,False
GRB131014A,EX1,69.6,0.286,,1193.12,4.31365,0.2891101520203282,norris,0.0042300863037728,0.00357152171626,BAND_BB,-2.801438093185425,,,,,,,10000,3983203661,False
GRB131014A,TR2,69.6,0.286,,1021.24,3.18356,0.2891101520203282,norris,0.0042300863037728,0.00357152171626,SBPL_BB,-3.1090714931488037,,,,,,,10000,3983203661,False
GRB140206B,T90,69.6,0.286,,753.113,23.998,146.752,duration,,,BAND,-2.602043390274048,,,,,,,10000,3983203661,False
GRB140206B,EX0,69.6,0.286,,225.299,7.55768,6.783999999999999,duration,,,BAND_BB,-2.889127016067505,,,,,,,10000,3983203661,False
GRB140206B,TR1,69.6,0.286,,225.299,7.55768,3.5839999999999987,duration,,,BAND_BB,-2.7704033851623535,,,,,,,10000,3983203661,False
GRB140206B,TR2,69.6,0.286,,117.703,17.935,1.8817141130206572,norris,0.0439149863855095,0.041257320832724,BAND,-2.3522984981536865,,,,,,,10000,3983203661,False
GRB140206B,TR3,69.6,0.286,,753.113,23.998,1.0223046169573842,norris,0.3070180977600841,0.2865244189387526,BAND,-2.2791590690612793,,,,,,,10000,3983203661,False
GRB140206B,TR4,69.6,0.286,,576.248,27.4984,14.498959236881106,norris,0.6314382417124182,0.6269581853433301,BAND,-2.4182512760162354,,,,,,,10000,3983203661,False
GRB140206B,TR5,69.6,0.286,,194.486,81.567,40.25599999999999,duration,,,PL,-2.162787437438965,,,,,,,10000,3983203661,True
GRB140206B,TR6,69.6,0.286,,525.997,105.486,22.63537740724029,norris,0.8030365988988635,0.5241440954550924,CPL,,,,,,,,10000,3983203661,True
GRB231129C,T90,69.6,0.286,,722.523,3.84387,6.912,duration,,,SBPL_BB,-4.4376068115234375,,,,,,,10000,3983203661,False
GRB231129C,EX0,69.6,0.286,,122.941,0.683176,0.812250418087549,norris,0.2095017882413228,0.1439190289235232,SBPL_BB,-3.4841866493225098,,,,,,,10000,3983203661,True
GRB231129C,TR1,69.6,0.286,,122.941,0.683176,0.812250418087549,norris,0.2095017882413228,0.1439190289235232,SBPL_BB,-4.197329998016357,,,,,,,10000,3983203661,True
GRB231129C,EX1,69.6,0.286,,722.523,3.84387,0.4331339278315143,norris,0.1803263967820046,0.1022679756434957,SBPL,-2.8169407844543457,,,,,,,10000,3983203661,False
GRB231129C,TR2,69.6,0.286,,722.523,3.84387,0.4331339278315143,norris,0.1803263967820046,0.1022679756434957,SBPL,-2.8628990650177,,,,,,,10000,3983203661,False
