GRB,episode,H0,Om0,E_max_MeV,t_arr_s,t_v_s,t_v_source,t_v_err_lower_s,t_v_err_upper_s,model,beta,alpha_LS,f_1,n_samples,seed,low_significance,Gamma_min_A_z1,Gamma_min_A_z1_err_lower,Gamma_min_A_z1_err_upper,Gamma_min_A_z2,Gamma_min_A_z2_err_lower,Gamma_min_A_z2_err_upper,Gamma_min_A_z3,Gamma_min_A_z3_err_lower,Gamma_min_A_z3_err_upper,Gamma_min_A_z5,Gamma_min_A_z5_err_lower,Gamma_min_A_z5_err_upper,Gamma_min_A_z7,Gamma_min_A_z7_err_lower,Gamma_min_A_z7_err_upper
GRB131014A,T90,69.6,0.286,1232.92,1.98351,3.2,duration,,,BAND_BB,-2.9043118953704834,2.9043118953704834,9.920482799063334,10000,1051076921,False,243.77990553357765,1.9269293169164712,2.0552475598587705,370.19728896426454,2.962661262644872,3.1610710873095513,483.42456249212506,3.790449106937672,4.030978399420576,688.5420537850857,5.070793271414345,5.406366775466267,876.043199682346,6.09326021557024,6.550774767498069
GRB131014A,EX0,69.6,0.286,1232.92,1.98351,0.3746231596412219,norris,0.0014725232624612,0.0014391845352533,BAND_BB,-2.9424140453338623,2.9424140453338623,10.226746395765252,10000,1051076921,False,318.65517546384206,3.838149612991856,4.096271206647202,483.8432173592868,5.896796914780623,6.286441808665359,631.9570110915673,7.554218790655568,8.062347435422907,900.547547570411,10.279012244996238,10.900493459991026,1146.300059854742,12.614442765448985,13.258291965941908
GRB131014A,TR1,69.6,0.286,1232.92,1.98351,0.3746231596412219,norris,0.0014725232624612,0.0014391845352533,BAND_BB,-2.9510128498077393,2.9510128498077393,17.618573686345556,10000,1051076921,False,340.5482013166658,4.053716770583719,4.300358272753101,517.0716816168411,6.21413887662419,6.603977130404246,675.3876634704269,7.983861449589654,8.460495883821977,962.5442570820632,10.922450393290092,11.520781806227319,1225.3389016569633,13.333408450771913,14.053349395951955
GRB131014A,EX1,69.6,0.286,1193.12,4.31365,0.2891101520203282,norris,0.0042300863037728,0.00357152171626,BAND_BB,-2.801438093185425,2.801438093185425,1.6659095717094916,10000,1051076921,False,268.4962515819378,4.6333177368045995,4.9932859470012545,407.8666321073003,7.108049460132349,7.652510928688741,532.3152751361192,9.12562134318216,9.835115285225243,757.1153997350027,12.451257151626464,13.429170474475768,962.0698286187372,15.215419837656782,16.414179597462407
GRB131014A,TR2,69.6,0.286,1021.24,3.18356,0.2891101520203282,norris,0.0042300863037728,0.00357152171626,SBPL_BB,-3.1090714931488037,3.1090714931488037,4.103489161030082,10000,1051076921,False,268.2862420985256,5.631387268086769,6.244752473943322,407.1621799648024,8.635384781001676,9.591181654297884,532.2473960332582,11.097147859327947,12.319162881251032,760.0391786786066,15.202592139403691,16.85107554800959,969.2700211052518,18.577378140009614,20.657753368453655
GRB140206B,T90,69.6,0.286,753.113,23.998,146.752,duration,,,BAND,-2.602043390274048,2.602043390274048,0.15387037927992409,10000,1051076921,False,77.43126035896167,0.5042675744824408,0.4503663052213085,117.70640893096106,0.759656466104687,0.6785413781884984,153.4393381096033,1.003255330892955,0.895238958680352,217.5961709213037,1.4576451396284824,1.332486753012887,275.76499911920575,1.919148487211146,1.762162926331655
GRB140206B,EX0,69.6,0.286,225.299,7.55768,6.783999999999999,duration,,,BAND_BB,-2.889127016067505,2.889127016067505,1.0808828742218257,10000,1051076921,False,110.51060658426645,3.096975765879847,3.5205983011802715,167.82635331574443,4.768363167533778,5.421801148916302,219.1393291920674,6.080364265247027,6.927570535139353,312.05724978023176,8.148318624305091,9.338632547792827,396.96288019862385,9.800127037289997,11.243828468137906
GRB140206B,TR1,69.6,0.286,225.299,7.55768,3.5839999999999987,duration,,,BAND_BB,-2.7704033851623535,2.7704033851623535,1.5161074730058957,10000,1051076921,False,129.42542516555443,4.27452972975766,4.683562954686323,196.62771317370053,6.575671912729604,7.182164874139829,256.5777719623166,8.411552909653636,9.208913460760755,364.7724725269378,11.428790057154686,12.40337567284638,463.33444648144416,13.819634734356612,15.00486188769571
GRB140206B,TR2,69.6,0.286,117.703,17.935,1.8817141130206572,norris,0.0439149863855095,0.041257320832724,BAND,-2.3522984981536865,2.3522984981536865,1.0392118997727866,10000,1051076921,False,135.72217568178337,3.1708727001068553,3.3080851377340252,206.5219111362258,4.860974882842186,5.072591862076422,268.7648606803237,6.248308521450724,6.514182033438658,379.5517190706191,8.545164456941961,8.874247320313941,479.1991936764426,10.479746916241254,10.82453733765061
GRB140206B,TR3,69.6,0.286,753.113,23.998,1.0223046169573842,norris,0.3070180977600841,0.2865244189387526,BAND,-2.2791590690612793,2.2791590690612793,0.18640122130908798,10000,1051076921,False,170.38177853225045,7.77156439953032,10.77233008790131,259.34464989602316,11.888806731672133,16.42128434516485,337.3251537484858,15.346068674781748,21.269157840384594,475.73268516305393,21.280117741709148,29.64023827564762,599.9010695404129,26.39242639712711,37.0236445452955
GRB140206B,TR4,69.6,0.286,576.248,27.4984,3.230025344225893,norris,0.0928027761429,0.090178502420692,BAND,-2.4182512760162354,2.4182512760162354,0.07351400411172614,10000,1051076921,False,114.92312791219136,2.0535493686693513,2.171011620819627,174.82465153447964,3.161100564035138,3.334252361073908,227.62095325638927,4.0444154978202675,4.259115252637173,321.82226364601803,5.41437690439119,5.726732609300143,406.7413755444616,6.549609815970996,6.902411972484401
GRB140206B,TR5,69.6,0.286,194.486,81.567,40.25599999999999,duration,,,PL,-2.162787437438965,2.162787437438965,0.007507518717187181,10000,1051076921,True,46.18974481141592,1.1951092547758577,1.2773010803704707,70.34509571404307,1.8334368533288483,1.958351870478424,91.4132366941824,2.355495978282846,2.514103030704973,128.62877006941324,3.2227861121991594,3.4220349834503736,161.86894448093068,3.9543894202293757,4.18174627459652
GRB140206B,TR6,69.6,0.286,525.997,105.486,22.63537740724029,norris,0.8030365988988635,0.5241440954550924,CPL,,,,10000,1051076921,True,,,,,,,,,,,,,,,
GRB231129C,T90,69.6,0.286,722.523,3.84387,6.912,duration,,,SBPL_BB,-4.4376068115234375,4.4376068115234375,0.5011516945969018,10000,1051076921,False,117.45826384878856,2.3041045771452957,2.808825108196743,177.7509732167898,3.5614814199230977,4.336641089349769,233.48419169471657,4.523992484988582,5.503337945961562,337.44331031422075,5.948174807859289,7.316237061196546,435.0431969274844,6.990525307552332,8.666418236354616
GRB231129C,EX0,69.6,0.286,122.941,0.683176,0.6056537704064633,norris,0.1083804681303698,0.0803733788649128,SBPL_BB,-3.4841866493225098,3.4841866493225098,1.6681756017214193,10000,1051076921,True,114.51739268269289,5.013680239874347,5.642255194817778,173.62637978083873,7.643067282044797,8.617691722586727,227.34249510934904,9.919553159020069,11.14620179807568,325.9797486555747,13.842448254601436,15.5167983257395,417.2692930307189,17.219289215711626,19.480548062615924
GRB231129C,TR1,69.6,0.286,122.941,0.683176,0.6056537704064633,norris,0.1083804681303698,0.0803733788649128,SBPL_BB,-4.197329998016357,4.197329998016357,1.05094452271713,10000,1051076921,True,93.58350003273067,4.700605147944344,5.648133866484429,141.67887133273655,7.16522133110243,8.614774652665517,185.97321321564024,9.295335297076434,11.177202376442438,268.3163915537403,12.988234833453703,15.563054909705954,345.3849916158491,16.242620422371886,19.411513391112805
GRB231129C,EX1,69.6,0.286,722.523,3.84387,0.8238663674551111,norris,0.106832633988704,0.0759393399843455,SBPL,-2.8169407844543457,2.8169407844543457,0.31819992037119804,10000,1051076921,False,166.58637579276882,3.132572895051169,3.6422474165752305,253.0446368678683,4.781589583460203,5.550265381356979,330.2825375840733,6.183972446402038,7.206776385777459,469.8644395728173,8.612163706159492,10.124939829122013,597.1754643454115,10.795413501357075,12.596882635979114
GRB231129C,TR2,69.6,0.286,722.523,3.84387,0.8238663674551111,norris,0.106832633988704,0.0759393399843455,SBPL,-2.8628990650177,2.8628990650177,0.49672731309086454,10000,1051076921,False,174.942711912929,3.279145454232861,3.8802762882818342,265.6981167043458,5.006057009996596,5.916718808243957,346.88618593782,6.479173107859765,7.65927772759494,493.7961058627528,9.069569733193873,10.709539435215902,627.949349805419,11.34150403160595,13.434415042836122
