GRB,episode,H0,Om0,z,t_v_s,t_v_source,t_v_err_lower_s,t_v_err_upper_s,model,beta,alpha_LS,f_1,tau_hat,Gamma_min_B,Gamma_min_B_err_lower,Gamma_min_B_err_upper,n_samples,seed
GRB080916C,T90,69.6,0.286,4.35,62.976,duration,,,SBPL_BB,-2.2507238388061523,2.2507238388061523,0.34482973157563446,7104678210.584029,112.12953857730314,1.0957606792919137,0.955529930986657,10000,4169226666
GRB080916C,EX0,69.6,0.286,4.35,4.030325773937077,norris,0.1811028473055644,0.1684629659090326,BAND_BB,-2.5455613136291504,2.5455613136291504,1.2543819056896401,398334611504.48364,197.15222810504312,8.738512160774434,9.06383156111815,10000,4169226666
GRB080916C,TR1,69.6,0.286,4.35,4.030325773937077,norris,0.1811028473055644,0.1684629659090326,BAND_BB,-2.505154609680176,2.505154609680176,1.4866716191844411,471798645048.24115,208.7621637364441,9.633966669098669,9.706641344945552,10000,4169226666
GRB080916C,TR2,69.6,0.286,4.35,0.4322519038779901,norris,0.1338695088318529,0.0894582734964665,BAND,-2.1220569610595703,2.1220569610595703,0.5488059615833194,1684327878727.4329,352.0228650672969,14.783172798408259,25.381048836781076,10000,4169226666
GRB080916C,TR3,69.6,0.286,4.35,15.385172369855391,norris,0.2569100882069612,0.25959905832595,SBPL,-2.2155921459198,2.2155921459198,0.22342943730675655,18935757404.830208,138.1174671950937,1.6312275251028723,1.686724257153685,10000,4169226666
GRB131014A,T90,69.6,0.286,,3.2,duration,,,BAND_BB,-2.9043118953704834,,,,,,,10000,4169226666
GRB131014A,EX0,69.6,0.286,,0.3746231596412219,norris,0.0014725232624612,0.0014391845352533,BAND_BB,-2.9424140453338623,,,,,,,10000,4169226666
GRB131014A,TR1,69.6,0.286,,0.3746231596412219,norris,0.0014725232624612,0.0014391845352533,BAND_BB,-2.9510128498077393,,,,,,,10000,4169226666
GRB131014A,EX1,69.6,0.286,,0.2891101520203282,norris,0.0042300863037728,0.00357152171626,BAND_BB,-2.801438093185425,,,,,,,10000,4169226666
GRB131014A,TR2,69.6,0.286,,0.2891101520203282,norris,0.0042300863037728,0.00357152171626,SBPL_BB,-3.1090714931488037,,,,,,,10000,4169226666
GRB140206B,T90,69.6,0.286,,146.752,duration,,,BAND,-2.602043390274048,,,,,,,10000,4169226666
GRB140206B,EX0,69.6,0.286,,6.783999999999999,duration,,,BAND_BB,-2.889127016067505,,,,,,,10000,4169226666
GRB140206B,TR1,69.6,0.286,,3.5839999999999987,duration,,,BAND_BB,-2.7704033851623535,,,,,,,10000,4169226666
GRB140206B,TR2,69.6,0.286,,1.8817141130206572,norris,0.0439149863855095,0.041257320832724,BAND,-2.3522984981536865,,,,,,,10000,4169226666
GRB140206B,TR3,69.6,0.286,,1.0223046169573842,norris,0.3070180977600841,0.2865244189387526,BAND,-2.2791590690612793,,,,,,,10000,4169226666
GRB140206B,TR4,69.6,0.286,,3.230025344225893,norris,0.0928027761429,0.090178502420692,BAND,-2.4182512760162354,,,,,,,10000,4169226666
GRB140206B,TR5,69.6,0.286,,40.25599999999999,duration,,,PL,-2.162787437438965,,,,,,,10000,4169226666
GRB140206B,TR6,69.6,0.286,,22.63537740724029,norris,0.8030365988988635,0.5241440954550924,CPL,,,,,,,,10000,4169226666
GRB231129C,T90,69.6,0.286,,6.912,duration,,,SBPL_BB,-4.4376068115234375,,,,,,,10000,4169226666
GRB231129C,EX0,69.6,0.286,,0.6056537704064633,norris,0.1083804681303698,0.0803733788649128,SBPL_BB,-3.4841866493225098,,,,,,,10000,4169226666
GRB231129C,TR1,69.6,0.286,,0.6056537704064633,norris,0.1083804681303698,0.0803733788649128,SBPL_BB,-4.197329998016357,,,,,,,10000,4169226666
GRB231129C,EX1,69.6,0.286,,0.8238663674551111,norris,0.106832633988704,0.0759393399843455,SBPL,-2.8169407844543457,,,,,,,10000,4169226666
GRB231129C,TR2,69.6,0.286,,0.8238663674551111,norris,0.106832633988704,0.0759393399843455,SBPL,-2.8628990650177,,,,,,,10000,4169226666
