window,window_start_s,window_stop_s,pulse_index,A_norm,t_s,tau1,tau2,t_peak_s,t_v_s,t_v_err_lower_s,t_v_err_upper_s,mc_kept_fraction,n_samples,seed
narrow_-1_10,-1.0,10.0,1,0.10443073222795164,-0.6280280288779846,4.207652007531085,0.3113825887011348,0.5166070983387873,0.4171982035828335,0.21006612614942144,0.2118975399207798,0.2037,10000,493797354
narrow_-1_10,-1.0,10.0,2,0.27522422704129756,-0.09899074255887817,34.4798796550842,0.05200496679987302,1.2400854303029465,0.17528875358864768,0.09191742179678725,0.07883274316761121,0.1182,10000,493797354
narrow_-1_10,-1.0,10.0,3,0.9445250205855515,1.1802925486226916,1.0560798083882952,0.31899678250169344,1.760711415425685,0.3696318332479864,0.014296191933318603,0.012033797950487812,0.9985,10000,493797354
narrow_-1_10,-1.0,10.0,4,0.46684398805412347,2.4678217989886395,0.049929113821472526,1.070943257535771,2.6990603074638546,0.5525438236560277,0.02809554139323278,0.02792870077643128,0.9981,10000,493797354
narrow_-1_10,-1.0,10.0,5,0.2824164576570282,2.535241130717619,9.885409134524174,0.11303374887713903,3.5923053925577317,0.2607059670298335,0.072309673592797,0.03479004935898866,0.7137,10000,493797354
wide_-10_20,-10.0,20.0,1,0.10446574066728985,-0.6355422940636322,4.30773069933138,0.3083321890088592,0.5169385240784783,0.4179643321069272,0.1923865326449916,0.13837117672378962,0.3379,10000,493797354
wide_-10_20,-10.0,20.0,2,0.275409573782148,-0.09820951473816422,34.41621213715342,0.0520390935934314,1.2400686643175642,0.17347161511444692,0.08519533651500866,0.0583813910559397,0.2029,10000,493797354
wide_-10_20,-10.0,20.0,3,0.9446591109181617,1.1803400232462353,1.0556513323198873,0.31905666901736146,1.7606956019509834,0.37294119867021647,0.007095374382403374,0.006571850550204872,1.0,10000,493797354
wide_-10_20,-10.0,20.0,4,0.4668815142120563,2.4677818599370145,0.0500110759174138,1.0710643265236466,2.699223168579633,0.5549952214555254,0.015957584606985042,0.016306622823611505,1.0,10000,493797354
wide_-10_20,-10.0,20.0,5,0.28242849036174017,2.548104614961906,9.542681205647504,0.11416755911988194,3.5918788341817276,0.2740263066158279,0.0388541044619756,0.019687301794046264,0.8673,10000,493797354
widest_full_range,-135.936,478.4,1,0.10444245863419593,-0.6274559477073499,4.189616131685822,0.31285763097678254,0.5174254337734295,0.4787361766048975,0.1012219191863043,0.04399763980429566,0.8929,10000,493797354
widest_full_range,-135.936,478.4,2,0.274921449637955,-0.07489935591151957,32.621567474631874,0.0529943320362396,1.2399231333596503,0.19609723029240025,0.06631469441237878,0.022853906364347976,0.6801,10000,493797354
widest_full_range,-135.936,478.4,3,0.9441494834344485,1.180117678075629,1.0573376804798051,0.3189201593918632,1.760812349645502,0.3748249597305664,0.0014515787105502387,0.001431434208864546,1.0,10000,493797354
widest_full_range,-135.936,478.4,4,0.46708728817151,2.4676131151884904,0.05033740775563351,1.0700887960923111,2.699702529129828,0.5563722707389105,0.0036920778583865443,0.0037743555299331044,1.0,10000,493797354
widest_full_range,-135.936,478.4,5,0.28250644630636584,2.5750832813384568,8.84165421771524,0.11673468811409414,3.591020162998756,0.2878993519016664,0.0041331229113748535,0.003564485977129772,1.0,10000,493797354
