slug,status,script,seed,item,cref,note
butterfly_seds,active,butterfly_plots/butterfly_all.py,2000318690,Butterfly SEDs (all four bursts),\cref{fig:butterfly},
peak_energy_distribution,active,model_parameters/peak_energy.py,2933599809,Peak energy distribution,\cref{fig:peakenergybestall},
amati_relation,active,amati_relationship/amati_relationship.py,3271127181,Amati relation,"\cref{fig:amati_relationship,tab:eiso}",
lorentz_limit_a,active,lorentz_factor/lorentz_factor.py,3983203661,"Lorentz factor, Limit A","\cref{fig:gamma_comparison,tab:lorentz}",
lorentz_limit_b,active,lorentz_factor/lorentz_factor_limit_b.py,4169226666,"Lorentz factor, Limit B","\cref{fig:gamma_comparison,tab:lorentz_limit_b}",
lorentz_unknown_z_limit_a,active,lorentz_factor/lorentz_factor_unknown_z.py,1051076921,"Lorentz factor, Limit A, redshift sweep",\cref{tab:lorentz_unknown_z},
lorentz_unknown_z_limit_b,active,lorentz_factor/lorentz_factor_limit_b_unknown_z.py,3962326526,"Lorentz factor, Limit B, redshift sweep",\cref{tab:lorentz_limit_b_unknown_z},
photospheric_radius,active,photospheric_radius/pe_er_photosphere.py,3315768413,Photospheric radius / thermal $\Gamma$,"\cref{fig:photospheric,fig:gamma_comparison}",
bb_flux_fraction,active,bb_fraction/bb_flux_fraction.py,668559939,Blackbody flux fraction $f_\mathrm{BB}$,"\cref{fig:bbfraction,fig:bbfraction-rest-vs-z}",
gbm_only_refit,active,gbm_only_refit/gbm_only_refit.py,3624228654,\ac{GBM}-only refit comparison,near \cref{fig:gbmonly-kt} (not itself \acl{MC} derived),
gbm_fluence_table,active,fluence/grb_fluence.py,2285298891,\ac{GBM} fluence,\cref{tab:fluence},
norris_pulse_fit_tv_080916C,active,variability_analysis/fitter_GRB080916C.py,3806256479,"Norris-pulse $t_\mathrm{v}$ fit, GRB080916C","\cref{tab:lorentz,tab:lorentz_limit_b}",
norris_pulse_fit_tv_131014A,active,variability_analysis/fitter_GRB131014A.py,1210250649,"Norris-pulse $t_\mathrm{v}$ fit, GRB131014A","\cref{tab:lorentz_unknown_z,tab:lorentz_limit_b_unknown_z}",
norris_pulse_fit_tv_140206B,active,variability_analysis/fitter_GRB140206B.py,23314306,"Norris-pulse $t_\mathrm{v}$ fit, GRB140206B","\cref{tab:lorentz_unknown_z,tab:lorentz_limit_b_unknown_z}",
norris_pulse_fit_tv_231129C,active,variability_analysis/fitter_GRB231129C.py,3915483327,"Norris-pulse $t_\mathrm{v}$ fit, GRB231129C","\cref{tab:lorentz_unknown_z,tab:lorentz_limit_b_unknown_z}",
kt_epeak_correlation,unused,model_parameters/epeak_vs_kt.py,2177701742,,,not referenced by any figure or table in the current draft
gbm_only_refit_3way,unused,gbm_only_refit/gbm_only_refit_3way.py,3661002748,,,"GRB131014A three-way refit (joint / GBM-only / GBM-only NaI >= 40 keV); MC-seeded, but not referenced by any figure or table in the current draft (folding it into the paper is a separate, later decision -- see gbm_only_refit.md)"
norris_normalized_080916C,unused,variability_analysis/GRB080916009/fitter_normalized.py,3447222311,,,080916C: exploratory normalized-vs-unnormalized full-range Norris fit (2026-09-24/27); not referenced by any figure or table in the current draft
norris_unnormalized_080916C,unused,variability_analysis/GRB080916009/fitter_unnormalized.py,1602551691,,,080916C: exploratory normalized-vs-unnormalized full-range Norris fit (2026-09-24/27); not referenced by any figure or table in the current draft
norris_normalized_131014A,unused,variability_analysis/GRB131014215/fitter_normalized.py,3447222311,,,131014A: exploratory normalized-vs-unnormalized full-range Norris fit (2026-09-24/27); not referenced by any figure or table in the current draft
norris_unnormalized_131014A,unused,variability_analysis/GRB131014215/fitter_unnormalized.py,1602551691,,,131014A: exploratory normalized-vs-unnormalized full-range Norris fit (2026-09-24/27); not referenced by any figure or table in the current draft
norris_normalized_140206B,unused,variability_analysis/GRB140206275/fitter_normalized.py,3447222311,,,140206B: exploratory normalized-vs-unnormalized full-range Norris fit (2026-09-24/27); not referenced by any figure or table in the current draft
norris_unnormalized_140206B,unused,variability_analysis/GRB140206275/fitter_unnormalized.py,1602551691,,,140206B: exploratory normalized-vs-unnormalized full-range Norris fit (2026-09-24/27); not referenced by any figure or table in the current draft
norris_normalized_p0_140206B,unused,variability_analysis/GRB140206275/fitter_normalized_p0.py,2091438651,,,140206B: historical record only -- the superseded P0 pulse configuration (see variability_analysis/GRB140206275/_common.py)
norris_unnormalized_p0_140206B,unused,variability_analysis/GRB140206275/fitter_unnormalized_p0.py,3792274645,,,140206B: historical record only -- the superseded P0 pulse configuration (see variability_analysis/GRB140206275/_common.py)
norris_normalized_231129C,unused,variability_analysis/GRB231129779/fitter_normalized.py,3447222311,,,231129C: exploratory normalized-vs-unnormalized full-range Norris fit (2026-09-24/27); not referenced by any figure or table in the current draft
norris_unnormalized_231129C,unused,variability_analysis/GRB231129779/fitter_unnormalized.py,1602551691,,,231129C: exploratory normalized-vs-unnormalized full-range Norris fit (2026-09-24/27); not referenced by any figure or table in the current draft
norris_pulse_fit_tv_legacy,dormant,variability_analysis/norris..py,1283770305,,,"stray pre-rename duplicate of norris_fit.py (created 2026-09-02, superseded 2026-09-27 when  norris_fit.py/fitter_GRB*.py took over); no caller anywhere in codes-for-paper/, and its own tv_mc_summary()  still has the pre-BUG-25/BUG-26 defaults that norris_fit.py fixed.  Kept in `dormant` rather than removed from this file per this registry's ""never silently dropped""  convention, but a candidate for outright deletion, not revival."
