GRBName,Model,EpisodeName,E_p_obs__1e+03_keV,E_p_obs_err_lower__1e+03_keV,E_p_obs_err_upper__1e+03_keV,E_0_iso_z1__1e+52_erg,E_0_iso_z1_err_lower__1e+52_erg,E_0_iso_z1_err_upper__1e+52_erg,E_0_iso_z3__1e+52_erg,E_0_iso_z3_err_lower__1e+52_erg,E_0_iso_z3_err_upper__1e+52_erg,E_0_iso_z5__1e+52_erg,E_0_iso_z5_err_lower__1e+52_erg,E_0_iso_z5_err_upper__1e+52_erg,E_0_iso_z7__1e+52_erg,E_0_iso_z7_err_lower__1e+52_erg,E_0_iso_z7_err_upper__1e+52_erg,n_samples,seed
GRB131014A,BAND_BB,T90,0.44370651876395567,0.007555109677439702,0.007735425850090224,61.11384614260603,0.36886959675208403,0.3813687049448815,434.5755957235635,2.0022359713877877,2.0626971350810748,929.5594071931846,3.8842292842726183,3.5523816220366187,1449.9775088247234,5.395662078480611,5.2719587497777205,5000,3271127181
GRB131014A,BAND_BB,EX0,0.5210359232251083,0.011127458791475987,0.01129131838160083,43.07928517859714,0.33657693439137076,0.346921470245383,303.9234329195236,1.8459607075579134,1.8588760978503294,643.9608663673902,3.4640573146488958,3.3503582405809116,993.5913712789801,4.940989180289065,4.829340565195582,5000,3271127181
GRB131014A,BAND_BB,TR1,0.5285781446705649,0.011796134768747607,0.011183846434609108,40.967520423283105,0.3151334491423457,0.3036165969208443,288.9651074689455,1.7638951194529273,1.7177075720461188,611.7755779763013,3.36860233920209,3.111907272173412,943.0565030868286,4.800884186649245,4.530387347183421,5000,3271127181
GRB131014A,SBPL_BB,TR2,0.2874219244941172,0.01097005945685703,0.009986144829312878,20.57252777390234,0.21339619016669198,0.22337143277903843,149.92213014417732,1.2602107684732509,1.2800600376486562,328.08643025764326,2.295947328129643,2.2619387919425353,523.0767074518315,3.2428502377958046,3.107671764532667,5000,3271127181
GRB131014A,BAND_BB,EX1,0.27118434632380956,0.009758797022893305,0.009638455967217909,22.457023789596914,0.24305018597439695,0.26428038702192874,161.9344698824924,1.439352004027615,1.4786382624663863,352.25158633765477,2.6727863715363336,2.5768472854052344,559.8265900865754,3.803501539856443,3.4788449209427754,5000,3271127181
GRB140206B,BAND,T90,0.5150053362575859,0.024748169439715695,0.025431053017919567,44.36624059273586,0.7279637123392252,0.6817497873747889,309.52165812778446,4.474563850676732,4.175326603924248,654.9235885676409,8.582067695026618,7.651006592504909,1015.3379000924083,11.248839757745955,10.174785093381386,5000,3271127181
GRB140206B,BAND_BB,EX0,2.3958560650408254,0.24544704699043313,0.245615896553682,10.692644706395397,0.36849067893583004,0.3592568308744275,60.518517930083455,1.4620730285728432,1.4690206378270834,108.33669160806978,2.3500879583997594,2.4338410241113477,148.41719156900913,2.9684809519790165,2.7560255139448135,5000,3271127181
GRB140206B,BAND_BB,TR1,2.165369284591758,0.24839619985020636,0.25240154713254925,7.82442466341292,0.30196873739122704,0.26611088873157523,45.52664445263194,1.1332258045756856,1.161267316537527,82.88730400679725,1.8360929873592533,1.8268913678758643,114.722173167447,2.3449886169460408,2.260849561317578,5000,3271127181
GRB140206B,BAND,TR2,0.35249927723406016,0.009631071625056734,0.009629393552820489,18.363198205145213,0.2853957231032588,0.30934607426070454,124.08922126484318,1.314026719828532,1.4070195312122984,258.30963271162835,2.3585594610651306,2.3178356494606316,396.7099079936189,3.2328233772809623,3.0699383747366102,5000,3271127181
GRB140206B,BAND,TR3,0.17142901961982546,0.014797063312889776,0.014902473479436167,3.6781563062864002,0.11536874219441269,0.1272352065002975,25.691562626120465,0.6268275247411632,0.6768711225278602,54.963796465860035,1.278519175524059,1.1792987094460363,86.682589999929,1.9896985077397742,1.616005274161955,5000,3271127181
GRB140206B,BAND,TR4,0.1528464856237867,0.00826687479607051,0.008558182643842144,8.608670920033832,0.19900276173927486,0.213137633371384,61.565080401426776,1.2020945649610504,1.1377793386719284,133.60573292224714,2.344445446339212,2.1707321187731905,212.78660379462823,3.426964384212761,3.161590557371087,5000,3271127181
GRB140206B,CPL,TR6,6.974951657382061,1.215711479356275,1.2100776675049374,7.583578570837706,0.19836927277856944,0.20851530339313773,49.375686936100806,0.903217056853966,0.9848038582163139,102.15826246084623,1.6756936749146416,1.6298516382033086,157.80891128798763,2.318567980392786,2.285628423059725,5000,3271127181
GRB231129C,SBPL_BB,T90,0.28935988831882176,0.009393759222390144,0.009403206896941583,21.207812646771885,0.16995910142650175,0.20834472639126742,158.32316164250994,1.1693587290063716,1.360354477668155,354.6346411596347,2.399775671519965,2.6852025380937574,577.8365179965816,3.413550667294692,3.627422352765963,5000,3271127181
GRB231129C,SBPL_BB,EX0,0.32479003584128896,0.013107092674661714,0.012397600420724245,17.116702117327655,0.20302293839097507,0.21594930679606633,126.09442188574627,1.2454446585376155,1.2423026382194267,278.1182733380801,2.4134994649848633,2.2745030660557615,445.9297732035378,3.512946955752452,3.0987281970362464,5000,3271127181
GRB231129C,SBPL_BB,TR1,0.30373909152893297,0.01226532861519337,0.01141320948993024,14.24348214348645,0.14479399007737487,0.15441988110135957,106.13845218925755,1.0069752031696255,1.046657350778391,237.06343906674206,1.9658769345317602,1.9905369786673721,385.23723926618504,3.0681981735415564,2.770436703994149,5000,3271127181
GRB231129C,SBPL,TR2,0.15727198933412845,0.0018975569332693283,0.002048123551535923,7.891057930113383,0.09886370610702795,0.1012809294163519,57.46327718346189,0.5956452311314966,0.6359753866644492,126.13684794136105,1.1993377964068135,1.2280418155948742,202.1851797660943,1.7147157386731213,1.7008948863511726,5000,3271127181
GRB231129C,SBPL,EX1,0.15354764973673543,0.0020550482037179165,0.0020704797605508533,8.359942946196956,0.1034335208230917,0.11320652273143035,60.8021101632094,0.6483451154874406,0.7001127760934419,133.38387085106564,1.319200349930902,1.384362093572884,213.62792537264838,1.8425517680460588,1.9275570928931083,5000,3271127181
