t,y_data,sigma,y_total_fit,y_pulse1,y_pulse2,y_pulse3,y_pulse4,y_pulse5
-1.024,-105.95569999999952,213.76547259492634,1.0617538931088046e-28,0.0,1.0617538931088046e-28,0.0,0.0,0.0
-0.96,-435.80030000000033,201.27560797108828,3.200356715227607e-26,0.0,3.200356715227607e-26,0.0,0.0,0.0
-0.896,208.7035000000019,225.03564028801864,6.349070851810725e-24,0.0,6.349070851810725e-24,0.0,0.0,0.0
-0.832,287.4769999999994,227.77160941503078,8.953649131296019e-22,3.5904675809811876e-23,8.5946023731979e-22,0.0,0.0,0.0
-0.768,130.28560000000243,222.27562154337718,1.999028464960744e-08,1.999028464952547e-08,8.19710878620625e-20,0.0,0.0,0.0
-0.704,-121.20129999999926,213.19133938589835,0.0007233369743759774,0.0007233369743759717,5.667835930688372e-18,7.595243137086727e-229,0.0,0.0
-0.64,-403.5729999999994,202.53169955175596,0.1176085835465336,0.11760858354653331,2.914640451373105e-16,1.2155373153435814e-170,0.0,0.0
-0.576,-152.2809999999995,212.04736188564962,2.354054565978697,2.3540545659786853,1.1405378436961433e-14,6.7572748516210836e-133,0.0,0.0
-0.512,-356.6164999999978,204.32749796158208,16.833637061015462,16.833637061015114,3.466868238821809e-13,1.651566617598825e-106,0.0,0.0
-0.448,-105.56979999999976,213.7440825708058,67.28628986174175,67.28628986173341,8.339432333096067e-12,4.459563246188179e-87,0.0,0.0
-0.384,68.47009999999909,220.0837225968317,187.50471541127308,187.50471541111165,1.6143711619458046e-10,3.2435238946326434e-72,0.0,0.0
-0.32,-9.831000000000131,217.2755910309117,411.3890767014019,411.3890766988483,2.553595894325865e-09,1.62227500884116e-60,0.0,0.0
-0.256,68.37700000000177,220.06801487254623,764.0502672373441,764.0502672038789,3.34651477071518e-08,4.263589451517414e-51,0.0,0.0
-0.192,-88.88979999999992,214.3677036767522,1257.5972955236957,1257.5972951557378,3.679580192059305e-07,2.250622007106599e-43,0.0,0.0
-0.128,587.9001999999987,237.9152943114828,1891.1946129156067,1891.1946094818957,3.433711181207885e-06,5.987515872674224e-37,0.0,0.0
-0.064,2179.3159,285.789836066906,2653.5613570159753,2653.561329533415,2.7482559999003734e-05,1.5412024589151213e-31,0.0,0.0
0.0,3413.2531000000004,318.1076008134144,3526.2891459474745,3526.2889554610006,0.00019048647403844388,6.173668839303472e-27,0.0,0.0
0.064,5742.935900000001,371.63353137385826,4486.996131669737,4486.994978144593,0.0011535251444006953,5.486011605401378e-23,0.0,0.0
0.128,6695.397899999998,391.44131215823523,5511.881428247252,5511.8752753498975,0.006152897355057227,1.4163722439356868e-19,0.0,0.0
0.192,8673.7031,429.86436110574124,6577.583684650719,6577.554558884781,0.029125765938683074,1.3093820780395512e-16,0.0,0.0
0.256,10925.178899999999,469.81958515516703,7662.423770415949,7662.3005666245235,0.12320379142545923,5.10875607112737e-14,0.0,0.0
0.32,12594.237799999999,497.5060929936966,8747.197640989449,8746.728939702527,0.4687012869134525,9.590717615960815e-12,0.0,0.0
0.384,13350.116899999994,509.5675076512027,9815.745258018525,9814.132150080733,1.6131079368299506,9.62994828282055e-10,0.0,0.0
0.448,12995.35070000001,503.92320582281116,10855.59871225867,10850.548517215178,5.0501949871106335,5.63806715345025e-08,0.0,0.0
0.512,12528.7464,496.4162541527071,11859.118725954806,11844.66293760019,14.45578628794493,2.066672644807421e-06,0.0,0.0
0.576,12145.034400000008,490.1991593621507,12825.619247340905,12787.607278174244,38.01191884626976,5.032038930789161e-05,0.0,0.0
0.64,13994.6102,519.6524347989296,13764.935823399845,13672.70846868112,92.22649947707798,0.0008552416473956821,0.0,0.0
0.704,13913.789400000005,518.3846641870953,14702.543324614655,14495.216811652996,207.3159325943093,0.010580367350566647,0.0,0.0
0.768,11748.077400000006,483.7154562630097,15685.559820631932,15252.035527369619,433.4255624212155,0.09873084109820326,0.0,0.0
0.832,10667.764599999999,465.3680762418568,16787.95731095935,15941.464336341876,845.7765222505567,0.7164523669189804,0.0,0.0
0.896,12786.638799999995,500.57325264478135,18112.759674524346,16562.964196461366,1545.6449479197497,4.150530143229385,0.0,0.0
0.96,21836.008299999998,630.3013990176703,19790.198655000513,17116.946496223503,2653.6154855543577,19.636673222652274,0.0,9.05960252582184e-297
1.024,24171.496499999987,659.8505044889299,21974.531559064297,17604.587531358236,4292.557928691915,77.38609901414411,0.0,1.9894942765058437e-150
1.088,29999.5585,729.0769579709175,24846.6907566454,18027.66755782037,6560.565306820385,258.4578920046435,0.0,2.0643954079402657e-96
1.152,34583.820100000004,779.5068745139646,28629.283623371954,18388.432823378833,9498.117006859567,742.7337931335544,0.0,2.2275851596709455e-68
1.216,45615.153300000005,891.0518997719308,33608.25026497883,18689.478520216122,13057.553588906145,1861.2181558565646,0.0,2.888246594950202e-51
1.28,45110.509099999996,885.9769655004933,40133.85962003358,18933.650421979324,17084.752703506518,4115.456494547739,0.0,9.091143944265373e-40
1.344,33618.924699999996,769.1445338286592,48559.72312954153,19123.962966617008,21321.35749292624,8114.402669998289,0.0,1.5469009037605073e-31
1.408,45457.83970000001,889.5101448611572,59095.02130842963,19263.531650184992,25430.99131879653,14400.498339448113,0.0,2.2496991931310644e-25
1.472,79670.8021,1179.950587390259,71597.6593900708,19355.51775911859,29046.052665138966,23196.088965813244,0.0,1.326945527608603e-20
1.536,95563.88009999998,1296.9077062245105,85397.00514792846,19403.083658106265,31825.33865860712,34168.58283121507,0.0,8.166737140480297e-17
1.6,114301.03049999996,1425.5389762463103,99257.3946561229,19409.35704779164,33509.2329078129,46338.804700518354,0.0,9.62079538204535e-14
1.664,117077.21960000001,1445.0478609040376,111549.00409305574,19377.40279888171,33959.76146901156,58211.839825162446,0.0,3.2603868505219454e-11
1.728,127340.42109999999,1511.204544050457,120598.1773660395,19310.20114980751,33177.14523847573,68110.83097775203,0.0,4.221192211591832e-09
1.792,130030.37509999998,1527.2780467375474,125099.23625607112,19210.63122022329,31290.89984488822,74597.70519070365,0.0,2.5594819900369634e-07
1.856,112574.04009999997,1412.3928848976327,124437.11744431821,19081.458940891498,28529.83924659523,76825.81924838744,0.0,8.44403778904058e-06
1.92,97834.21990000001,1311.64865766519,118810.62765761201,18925.32863180342,25179.64942270998,74705.64943340982,0.0,0.00016968878865439733
1.984,102060.23699999998,1341.2263639452806,109132.15558600774,18744.757575469583,21538.089930010286,68849.30581553276,0.0,0.0022649951146456386
2.048,96334.6559,1300.7568527801536,96763.62931915818,18542.13303237293,17876.518377885273,60344.95642454722,0.0,0.02148435276133874
2.112,95248.32999999997,1293.1950669703128,83193.20644575586,18319.711232016514,14413.27686039281,50460.06558634195,0.0,0.15276700457326556
2.176,94420.32830000002,1287.101697876203,69753.01889175846,18079.61794728481,11300.784247115223,40371.766737315724,0.0,0.8499600426953025
2.24,72648.39480000002,1123.8495221183284,57440.26250610031,17823.850323408926,8625.021957709932,30987.559128125416,0.0,3.8310968560404337
2.304,46591.0885,900.0447701155275,46856.77804297127,17554.27968703213,6414.108776270052,22873.995803940386,0.0,14.39377572870345
2.368,28754.1524,714.7339745958815,38246.1430801213,17272.655106950955,4651.958998940807,16275.14207072196,0.23503140346118703,46.15187210411672
2.432,27152.434700000005,696.0021551124099,34278.15100830356,16980.607517171386,3293.3602545166564,11185.208837966336,2690.176356577295,128.79804207188525
2.496,49373.45460000003,925.71207514233,49097.57532228141,16679.654245956546,2277.7666667186345,7439.449882872249,22382.636784899387,318.0677418345878
2.56,78458.39189999997,1169.4409421776352,71046.09958858321,16371.203822419318,1540.2533174835773,4797.272434223408,47632.50251672533,704.8674977315636
2.624,91272.36359999998,1264.4123300979888,83429.6290055832,16056.560955686,1019.1044387294094,3004.1960202220394,61931.15461815485,1418.6129727909179
2.688,75425.12169999999,1145.660241637429,84614.26101846868,15736.931601378628,660.2445355446218,1829.847775166958,63767.5883860093,2619.648720369172
2.752,69880.34000000001,1101.5984971133676,79120.29058744438,15413.428046699686,419.13367978839983,1085.6263434977905,57724.05896762102,4478.043549837492
2.816,70025.55919999997,1102.6653557369625,71420.29691387054,15087.073959235579,260.8860187471573,628.2142488883985,48303.54029509767,7140.5823919017275
2.88,64478.04870000002,1057.5870176979602,64357.73406967743,14758.80935614008,159.32208261804962,355.01068229147296,38391.945739534094,10692.646209093738
2.944,74271.13110000003,1136.5864564840401,59294.039248047266,14429.495459968859,95.51964585245967,196.1506182354158,29448.134906310523,15124.73861768001
3.008,62898.72130000004,1044.303574332662,56592.75666398346,14099.919415412563,56.254136028821925,106.07865861880073,22017.240586557222,20313.263867366055
3.072,59062.49040000001,1012.0003817024876,56032.55647884846,13770.798847774653,32.56147903857205,56.208446265220786,16151.221129765448,26021.766576004567
3.136,55117.597700000035,977.6314183488186,57091.1904354765,13442.786249479039,18.534229743720143,29.20973225641387,11677.164133451657,31923.49609054567
3.2,55418.106100000026,980.327472396521,59129.72199611833,13116.47318535585,10.379801172540276,14.900383325162263,8347.204308509972,37640.7643177548
3.264,55404.15229999996,980.372447744511,61511.59374777855,12792.394311096954,5.722184791311437,7.467561267692676,5913.196223160338,42792.813467462256
3.328,65587.92150000001,1067.0064106816926,63678.947199994785,12471.03120223004,3.1066960319557286,3.6797407569907836,4158.44292846458,47042.68663251122
3.392,50994.776999999995,940.7829315342435,65198.04578640913,12152.815993340839,1.661870625217423,1.7841768838626797,2906.9425669853126,50134.84117857389
3.456,64778.488300000026,1060.200555950234,65780.05145929377,11838.134829173667,0.876288248122249,0.8518185819446484,2021.9974881275664,51918.19103516247
3.52,85412.4089,1221.2457709059197,65281.612543806936,11527.331130739783,0.4556490494190673,0.4007130830800801,1400.5868439353242,52352.83820699933
3.584,74734.19429999999,1140.1881444839948,63689.82790083318,11220.70868072871,0.23373459868227206,0.18585297470718537,966.7209537787548,51501.978678752326
3.648,61789.47369999999,1035.1992752404738,61096.68137960558,10918.534533406113,0.11832955968584172,0.0850378513766206,665.2377007189227,49512.70577806948
3.712,55290.23399999999,979.2780843298774,57668.17862542591,10621.041754841612,0.059143017786701765,0.038406510534256706,456.58230456852715,46590.45701648745
3.776,52381.56909999997,953.2893266714526,53612.914856437965,10328.431999780063,0.02919509549808215,0.01713077823707133,312.66380987552463,42971.772720908644
3.84,53587.56319999998,964.2376156258489,49153.76303531286,10040.877931785437,0.01423845640176876,0.007549993264449997,213.68645888878154,38899.17685618898
3.904,45643.58880000001,890.9237815976437,44505.060833846306,9758.52549347521,0.006862895440660362,0.003289420035020233,145.78793900340366,34600.73724905222
3.968,34797.0933,781.8471969236205,39856.36827859764,9481.496033748834,0.0032702647420932035,0.0014173944529764287,99.31149379457237,30275.55606339504
4.032,38476.552699999986,820.0573619112081,35362.77259265192,9209.888298916972,0.001541075987914286,0.0006042908652747582,67.55938231865207,26085.322766049445
4.096,33234.56389999999,764.8921218638652,31140.941336084907,8943.780294574966,0.0007183904433949376,0.0002550122843139617,45.90332653749084,22151.256741569723
4.16,25261.011700000025,673.246378434848,27269.688788044412,8683.231024948329,0.0003313733122651617,0.00010656215399729318,31.15517125397627,18555.30215390664
4.224,20874.997399999986,617.6612395138477,23793.679694617116,8428.282116282113,0.00015129192204904195,4.4109330497258745e-05,21.12473903409168,15344.27264389966
4.288,18462.638699999992,584.9863815789873,20728.97213503028,8178.959330658762,6.838671028960791e-05,1.8092331157890724e-05,14.310977553754423,12535.70174033872
4.352,18156.23160000001,580.7424103923934,18069.31295606011,7935.273976418724,3.061244037280218e-05,7.355951860320073e-06,9.687244480261327,10124.351697192733
4.416,17301.712000000007,568.7616049322767,15792.370274768233,7697.224221131711,1.3573852061197046e-05,2.9655165559979025e-06,6.552636369150806,8088.593400728002
4.48,13425.080599999994,510.7645980870775,13865.361577785541,7464.7963128286265,5.963375459794095e-06,1.1857942224315696e-06,4.429398768442682,6396.135859039301
4.544,11254.500799999996,475.3790382332041,12249.776911818044,7237.965714960053,2.596369551089533e-06,4.7042468758638837e-07,2.9923419476950524,5008.8188518435
4.608,9605.909300000003,446.76459144749344,10905.086574639823,7016.69816029985,1.120531871030761e-06,1.852086399144624e-07,2.0204003244444366,3886.368012709788
4.672,9043.662799999998,436.53951506007286,9791.457283215512,6800.950628765255,4.794684857549517e-07,7.238288699092179e-08,1.363462022964631,2989.14319187544
4.736,9471.799500000001,444.24494195973347,8871.584635648755,6590.672253879615,2.0345377383085548e-07,2.8088085533303895e-08,0.9196988098602219,2279.9926827277372
4.8,8695.520500000011,430.17765805792345,8111.792126035265,6385.8051623629935,8.563079100873365e-08,1.0824882691460229e-08,0.6200988211669584,1725.3668647546492
4.864,8455.224900000005,425.67905040412876,7482.558877408983,6186.285251100469,3.575514252640143e-08,4.1441719902175255e-09,0.41792951593961497,1295.855696752675
4.928,9285.910199999997,440.9853450602233,6958.6299419310635,5992.042905508843,1.4814073684797176e-08,1.576377561834153e-09,0.28156897650744367,966.3054674293224
4.992,8038.679199999994,417.76115593444626,6518.843117769035,5803.00366310134,6.0914172955901525e-09,5.959103604619596e-10,0.18963466086347977,715.6498200001442
5.056,8214.402399999999,421.10608853774454,6145.781293890925,5619.088825836187,2.4862681477360656e-09,2.2391660941939067e-10,0.12767687755670773,526.5647911744699
5.12,8023.8405999999895,417.49273498507483,5825.3338545223705,5440.216024630061,1.0074854947382936e-09,8.364869639799269e-11,0.08593654792570157,385.03189334329227
5.184,7940.490800000001,415.82763773413956,5546.22740307715,5266.29973922098,4.0538154703043445e-10,3.10726929011142e-11,0.057826022722963465,279.8698378330105
5.248,8197.694399999993,420.7633877367329,5299.566400676085,5097.2517763775395,1.619922916608138e-10,1.1479461832440645e-11,0.03890060911099899,202.27572368926124
5.312,7846.988699999999,414.06543791139575,5078.408707505026,4932.981709272578,6.42981707902557e-11,4.218519325804942e-12,0.026162808258212066,145.40083542412077
5.376,7448.5668999999925,406.3248109662637,4877.3893138395115,4773.397280669098,2.5353819349880202e-11,1.5422843091012977e-12,0.017591942812901645,103.97444122757337
5.44,6924.823800000001,395.9613636749395,4692.397266486412,4618.404772404674,9.93329363719591e-12,5.610504513129264e-13,0.011826352210307367,73.98066772951725
5.504,6414.922100000002,385.5648742451616,4520.305310908615,4467.909343507285,3.867327368111347e-12,2.031126623396429e-13,0.007948788687034919,52.38801861263977
5.568,5573.8111999999965,367.8417416448114,4358.748440661973,4321.815339130311,1.4964327069507927e-12,7.31866181803376e-14,0.00534157552020284,36.927759956139894
5.632,5493.339499999995,366.0770915057035,4205.9457939265,4180.026572357207,5.755606049648942e-13,2.625098092844674e-14,0.003588895515494007,25.915632673776965
5.696,5412.846099999995,364.29799399542566,4060.559674969826,4042.4465807965626,2.2007455733443363e-13,9.374235287552136e-15,0.0024109025685858203,18.110683270694853
5.76,3939.6652000000017,330.7200246655935,3921.585521860145,3908.9788597659567,8.366602827897029e-14,3.3331719087087445e-15,0.001619309871594985,12.605042784316485
5.824,4162.375999999999,336.0301929248152,3788.2671027677593,3779.527073747528,3.1628823421609384e-14,1.1802231665973853e-15,0.001087465493864744,8.738941554737071
5.888,3798.3998000000033,327.34408745770185,3660.03189702702,3653.995247689409,1.189115307808588e-14,4.1620389382426936e-16,0.0007301964458070329,6.035919141165292
5.952,3750.1725000000006,326.15547994777967,3536.442366030067,3532.2879396249364,4.446547580493827e-15,1.4619511221521244e-16,0.0004902367840632961,4.153936168346863
6.016,3276.610600000002,314.48166499774135,3417.159556357312,3414.3103959850687,1.6539771708607273e-15,5.115541338264513e-17,0.00032909178667134303,2.848831280456802
6.08,2707.5032999999994,299.83349789751435,3301.9161537952364,3299.9686908891154,6.120569521018031e-16,1.783314628752583e-17,0.000220889958605,1.947242016162203
6.144,2833.403100000004,303.1160917049163,3190.4966981531634,3189.16985061364,2.253495740220794e-16,6.194209979014202e-18,0.00014824679390113482,1.3266992927299202
