grb_name,episode,pulse_index,n_pulses_total,fit_window_start_s,fit_window_end_s,energy_low_keV,energy_high_keV,A_norm,A_cts_per_s,y_max_cts_per_s,t_s,tau1,tau2,t_peak_s,t_v_s,t_v_err_lower_s,t_v_err_upper_s,mc_kept_fraction,n_samples,seed,n_lat_photons_assigned,photon_e_max_MeV,photon_t_arr_at_e_max_s
GRB131014A,EX0,1,5,-135.936,478.4,10,400,0.10448253160812987,13585.90277640273,130030.37509999998,-0.6667983669932867,4.840381218753401,0.28675367488870235,0.5113345212412255,0.46114874023660424,0.099353325780978,0.04390661837680909,0.8755,10000,1210250649,0,,
GRB131014A,EX0,2,5,-135.936,478.4,10,400,0.27863359830102913,36230.831302545535,130030.37509999998,-0.3273413744701145,55.473973888692754,0.044382721510213566,1.241762170286161,0.19229009004864375,0.07062205297824785,0.02602764350900688,0.6077,10000,1210250649,0,,
GRB131014A,TR1,2,5,-135.936,478.4,10,400,0.27863359830102913,36230.831302545535,130030.37509999998,-0.3273413744701145,55.473973888692754,0.044382721510213566,1.241762170286161,0.19229009004864375,0.07062205297824785,0.02602764350900688,0.6077,10000,1210250649,0,,
GRB131014A,EX0,3,5,-135.936,478.4,10,400,0.9478080853385155,123243.84085937995,130030.37509999998,1.1829460688148983,1.0389686289163171,0.3202953832938071,1.7598142125262606,0.37462315964122195,0.0014725232624612228,0.001439184535253324,1.0,10000,1210250649,7,1232.922607421875,1.9835121631622314
GRB131014A,TR1,3,5,-135.936,478.4,10,400,0.9478080853385155,123243.84085937995,130030.37509999998,1.1829460688148983,1.0389686289163171,0.3202953832938071,1.7598142125262606,0.37462315964122195,0.0014725232624612228,0.001439184535253324,1.0,10000,1210250649,7,1232.922607421875,1.9835121631622314
GRB131014A,TR2,4,5,-135.936,478.4,10,400,0.4663249884492203,60636.41316655528,130030.37509999998,2.468047681801747,0.04953194149286971,1.0726784819418138,2.6985511477370823,0.5563413044727181,0.0037375990051099484,0.003614187894803944,1.0,10000,1210250649,1,445.27899169921875,2.533198297023773
GRB131014A,EX1,4,5,-135.936,478.4,10,400,0.4663249884492203,60636.41316655528,130030.37509999998,2.468047681801747,0.04953194149286971,1.0726784819418138,2.6985511477370823,0.5563413044727181,0.0037375990051099484,0.003614187894803944,1.0,10000,1210250649,1,445.27899169921875,2.533198297023773
GRB131014A,TR2,5,5,-135.936,478.4,10,400,0.2823325505562969,36711.80745177499,130030.37509999998,2.5096359261920598,10.600662793365998,0.11072596766510835,3.5930419653514143,0.2891101520203282,0.0042300863037728065,0.0035715217162600177,1.0,10000,1210250649,2,1021.2354125976562,3.183564066886902
GRB131014A,EX1,5,5,-135.936,478.4,10,400,0.2823325505562969,36711.80745177499,130030.37509999998,2.5096359261920598,10.600662793365998,0.11072596766510835,3.5930419653514143,0.2891101520203282,0.0042300863037728065,0.0035715217162600177,1.0,10000,1210250649,2,1021.2354125976562,3.183564066886902
