t,y_data,sigma,y_total_fit,y_pulse1,y_pulse2,y_pulse3,y_pulse5,y_pulse6
-1.984,-69.55429999999978,200.66127886098238,7.970728157738434e-34,0.0,7.970728157738434e-34,0.0,0.0,0.0
-1.92,-446.6149999999998,185.31828102014765,2.4309123863830212e-32,0.0,2.4309123863830212e-32,0.0,0.0,0.0
-1.856,-289.28440000000046,191.8860534567808,6.627970244628349e-31,0.0,6.627970244628349e-31,0.0,0.0,0.0
-1.792,40.00530000000026,204.90454155774222,1.621664991224811e-29,0.0,1.621664991224811e-29,0.0,0.0,0.0
-1.728,275.5624000000007,213.74333526322488,3.5732923258914668e-28,0.0,3.5732923258914668e-28,0.0,0.0,0.0
-1.664,-132.90080000000034,198.1696744538801,7.115283596492205e-27,0.0,7.115283596492205e-27,0.0,0.0,0.0
-1.6,-242.27390000000105,193.81400637619456,1.284568439514503e-25,0.0,1.284568439514503e-25,0.0,0.0,0.0
-1.536,-305.4666000000002,191.22555224426122,2.1092489450830906e-24,0.0,2.1092489450830906e-24,0.0,0.0,0.0
-1.472,-23.104499999998097,202.4825605505201,3.1594428193627535e-23,0.0,3.1594428193627535e-23,0.0,0.0,0.0
-1.408,-117.24339999999847,198.8052447230795,4.329692574233796e-22,0.0,4.329692574233796e-22,0.0,0.0,0.0
-1.344,-368.082899999999,188.65920571789098,5.4433657741592704e-21,0.0,5.4433657741592704e-21,0.0,0.0,0.0
-1.28,-243.20550000000094,193.76045254706042,6.294955758434152e-20,0.0,6.294955758434152e-20,0.0,0.0,0.0
-1.216,-54.581600000000435,201.2716386104187,6.713309534903146e-19,0.0,6.713309534903146e-19,0.0,0.0,0.0
-1.152,-290.2441999999992,191.85901447893596,6.6184952378646895e-18,0.0,6.6184952378646895e-18,0.0,0.0,0.0
-1.088,-70.59269999999879,200.64442186061066,6.046138336260096e-17,0.0,6.046138336260096e-17,0.0,0.0,0.0
-1.024,-23.363899999997557,202.49327078924205,5.129448715106054e-16,0.0,5.129448715106054e-16,0.0,0.0,0.0
-0.96,-258.99799999999914,193.14163894639066,4.050200715357814e-15,0.0,4.050200715357814e-15,0.0,0.0,0.0
-0.896,149.02450000000044,209.06562815173487,2.982626103395961e-14,0.0,2.982626103395961e-14,0.0,0.0,0.0
-0.832,-70.64150000000109,200.6574251691661,2.0526085268364965e-13,0.0,2.0526085268364965e-13,0.0,0.0,0.0
-0.768,-102.17169999999942,199.42066798873878,1.3226173480993942e-12,0.0,1.3226173480993942e-12,0.0,0.0,0.0
-0.704,-211.9128999999998,195.06349724872493,7.994428757565947e-12,0.0,7.994428757565947e-12,0.0,0.0,0.0
-0.64,-133.53729999999996,198.19229153561486,4.540882387081595e-11,0.0,4.540882387081595e-11,0.0,0.0,0.0
-0.576,-55.07290000000148,201.27811073406713,2.427943615171997e-10,0.0,2.427943615171997e-10,0.0,0.0,0.0
-0.512,-54.62609999999813,201.31756703752896,1.2240556763149602e-09,0.0,1.2240556763149602e-09,0.0,0.0,0.0
-0.448,38.57679999999982,204.88650503092077,5.828015391333468e-09,0.0,5.828015391333468e-09,0.0,0.0,0.0
-0.384,-306.332899999999,191.2385910502922,2.6246115172363362e-08,0.0,2.6246115172363362e-08,0.0,0.0,0.0
-0.32,-196.56439999999884,195.6932229829758,1.1196398440209487e-07,0.0,1.1196398440209487e-07,0.0,0.0,0.0
-0.256,-416.6102999999989,186.65243104060028,5.963108581726749e-06,5.510021058116793e-06,4.5308752360995573e-07,0.0,0.0,0.0
-0.192,-55.75129999999763,201.2529168402983,11.903764819965565,11.90376307825462,1.741710944275426e-06,0.0,0.0,0.0
-0.128,196.45730000000003,210.90226535990476,374.11529213477587,374.1152857662444,6.368531443429081e-06,0.0,0.0,0.0
-0.064,1486.1133000000004,254.4887088109165,1692.160322789726,1692.1603006112905,2.2178435569101847e-05,0.0,0.0,0.0
0.0,4093.032799999998,325.50486074598933,3865.777389944241,3865.7773162911376,7.365310307663625e-05,0.0,0.0,0.0
0.064,6980.514699999995,389.56743739539104,6417.988348459601,6417.988114930163,0.00023352943833578792,0.0,0.0,0.0
0.128,9371.98309999999,435.76157373805916,8946.174818118305,8946.174110356493,0.0007077618118203952,0.0,0.0,0.0
0.192,10393.695199999996,454.0940339089041,11214.910852297378,11214.908799645746,0.0020526516333191323,0.0,0.0,0.0
0.256,13090.5997,499.4871885001402,13118.641250785304,13118.635547859965,0.00570292533839324,6.613349974681787e-216,0.0,0.0
0.32,13991.860800000002,513.8053384364383,14631.223994015829,14631.208799361673,0.015194650939984556,3.2167449664622786e-09,0.0,0.0
0.384,15357.438799999993,534.7241994066495,15769.334586436375,15769.267949712668,0.0388629619954767,0.02777376171012224,0.0,0.0
0.448,17053.157700000003,559.7415553591626,16576.489140776353,16569.720293212355,0.09551257305955957,6.6733349909423945,0.0,0.0
0.512,17762.668599999997,569.8674735615893,17178.88577205373,17076.94174733661,0.22577632837431877,101.71824838874723,0.0,0.0
0.576,18069.386700000006,574.2001265296681,17839.316422987336,17335.915543885527,0.5137953222098226,502.887083779597,0.0,0.0
0.64,18705.7185,583.1667847931495,18796.728141727373,17388.809722979535,1.1266366310320912,1406.791782116804,0.0,0.0
0.704,20199.0799,603.5856719771743,20111.289142288984,17273.481161690896,2.3825147714578416,2835.4254658266327,0.0,0.0
0.768,21358.0795,619.0546740490358,21679.05232744146,17023.025624038204,4.863061624541901,4651.163641778713,0.0,0.0
0.832,23817.55820000001,650.5965250974505,23322.753413278857,16665.871568759383,9.588698042977231,6647.293146476493,0.0,0.0
0.896,24429.082900000005,658.3129436918902,24868.260994061093,16226.135596002154,18.277960484747073,8623.847437574193,0.0,0.0
0.96,25991.8843,677.5464113722072,26183.841127385316,15724.083872641088,33.709028635126806,10426.048226109102,0.0,0.0
1.024,26938.075499999988,688.8445885727042,27190.877589416683,15176.615976040097,60.191809311696325,11954.069804064891,0.0,0.0
1.088,27919.196699999997,700.5679217861316,27859.376889870895,14597.728416336,104.13911459630977,13157.509358938587,0.0,0.0
1.152,29140.5706,714.6219138629018,28197.75016299793,13998.937970846991,174.69445880168917,14024.11773334925,0.0,0.0
1.216,28512.711600000002,707.3308880292326,28241.98006903225,13389.657556128697,284.3332838912797,14567.989229012275,0.0,0.0
1.28,28963.479000000007,712.8120960176129,28046.300484175634,12777.524079779912,449.3094865464266,14819.466917849297,0.0,0.0
1.344,26246.8869,680.5482701556948,27675.86726406828,12168.681092543286,689.7798930796849,14817.40627844531,0.0,0.0
1.408,26714.869899999998,686.2626472712664,27201.12594176572,11568.02056480058,1029.4193054671575,14603.686071497985,0.0,0.0
1.472,26894.26440000001,688.3923837111652,26693.315145044064,10979.388584139271,1494.3524056378792,14219.574155266915,0.0,0.0
1.536,26713.10239999999,686.2246094721168,26220.552432947326,10405.759697603185,2111.2875469778373,13703.505188366305,0.0,0.0
1.6,25150.548300000006,667.2455698987992,25844.102860937164,9849.384280600536,2904.844848546183,13089.873731790447,0.0,0.0
1.664,25278.895999999997,668.7915694926451,25614.65516403098,9311.912860132345,3894.2188197014434,12408.523484197192,0.0,0.0
1.728,24850.134199999993,663.4938248717913,25568.674332421655,8794.50083850215,5089.4824138806825,11684.691080038821,0.0,0.0
1.792,25873.155200000016,676.0816117822347,25725.118170073798,8297.896599707754,6487.992123039874,10939.22944732617,0.0,0.0
1.856,27570.106099999997,696.4400205636575,26082.95837968939,7822.515555684308,8071.454476566219,10188.988347438863,0.0,0.0
1.92,26963.278599999998,689.2609209238964,26620.000597336897,7368.502311718099,9804.228954397026,9447.269331221773,0.0,0.0
1.984,29739.56050000001,721.5758819284171,27293.434336392762,6935.782800770869,11633.350380613621,8724.301155008276,0.0,0.0
2.048,28426.61500000001,706.4911381846944,28042.36625638863,6524.107952547102,13490.556213438418,8027.70209040311,0.0,0.0
2.112,27999.7753,701.5183633401606,28792.325869193442,6133.090220604697,15296.3260042896,7362.909644299147,0.0,0.0
2.176,27702.284400000004,698.00810109311,29461.429744301993,5762.2340847806145,16965.62796751939,6733.567692001987,0.0,0.0
2.24,28562.011699999995,708.1142126480376,29967.60804653945,5410.961471831243,18414.779339649802,6141.867235058407,0.0,0.0
2.304,28848.603399999974,711.5075523699696,30236.09409938954,5078.632889959249,19568.620299409362,5588.840910020929,0.0,0.0
2.368,30601.616099999977,731.5877870777674,30206.29730804819,4764.564948766247,20367.118647167852,5074.613712114091,0.0,0.0
2.432,30566.05320000001,731.160405934631,29837.24121160312,4468.044831588245,20770.58270755832,4598.613672456555,0.0,0.0
2.496,29399.57649999999,717.7593350090633,29110.9417672622,4188.342199079668,20762.85276624781,4159.746801934721,0.0,0.0
2.56,28561.163899999996,708.0991082261369,28033.390080099798,3924.7189287021097,20352.130409702724,3756.5407416949647,0.0,0.0
2.624,27672.843999999997,697.7100159119236,26633.135037914468,3676.4370322334908,19569.436592605074,3387.2614130759016,0.0,0.0
2.688,26628.236899999993,685.2025463022767,24957.775783178873,3442.765040676522,18465.004086499303,3050.006656003044,6.95130364685585e-12,0.0
2.752,23329.502600000018,644.5070331255098,23068.936811744577,3222.983101444134,17103.15647218972,2742.780462304825,0.01677580589883127,0.0
2.816,19791.7919,598.1191287247932,21042.113536199457,3016.3869951179718,15556.369480421758,2463.5509995158936,5.806061143834269,0.0
2.88,19129.521499999995,589.1075591673609,19017.798971392487,2822.291247311981,13899.238917007999,2210.295213064327,85.97359400817986,0.0
2.944,16131.346999999994,546.332791940767,17222.706549170587,2640.0314843029387,12203.002193875769,1981.0324090239235,398.6404619679554,0.0
3.008,15468.47440000001,536.4356935222268,15834.699565303214,2468.966158340579,10531.104250727309,1773.8488660048956,1060.7802902304295,0.0
3.072,14622.866299999996,523.4716320002157,14904.899586226904,2308.4777492738294,8936.09945619547,1586.9152077895828,2073.4071729680195,0.0
3.136,14095.065700000001,515.3492596547571,14388.917026860963,2157.973532783858,7457.976167298192,1418.4979889452993,3354.4693378336137,0.0
3.2,15077.795799999996,530.4845316028641,14200.565210320883,2016.885991643569,6123.811434251845,1266.9667026225252,4792.901081802944,0.0
3.264,15724.838700000006,540.2592353336432,14247.665337191283,1884.6729346446748,4948.530992601292,1130.7972105770643,6283.664199368253,0.0
3.328,15078.1269,530.4990464493916,14448.58043896998,1760.817377825974,3936.4734366059224,1008.5724170081091,7742.717207529974,0.0
3.392,14660.085999999996,524.1301448069579,14737.204977994712,1644.827234129593,3083.435711807401,898.9808567172552,9109.961175340464,0.0
3.456,14852.475200000006,527.0638770059784,15062.645257579092,1536.2348503779156,2378.9001453737837,800.8137410228989,10346.696520804493,0.0
3.52,15013.031000000014,529.50910445661,15387.048700035633,1434.5964243104029,1808.1970364043127,712.9608986371587,11431.294340683758,0.0
3.584,14286.193800000001,518.3056139706858,15683.147421567002,1339.4913291843757,1354.4262562707788,634.4059604087493,12354.8238757031,0.0
3.648,15209.551199999998,532.5384934614111,15932.08278468679,1250.5213689897234,1000.0329945949229,564.221063825734,13117.307357276411,0.0
3.712,15639.958600000005,538.9430657297837,16121.630328438754,1167.309983538289,727.9967514430058,501.56129312759003,13724.762300329869,0.0
3.776,16142.263899999994,546.4433652342361,16244.780513012252,1089.5014194658736,522.6429245224456,445.65902175844656,14186.977147265487,0.0
3.84,16627.9757,553.5866620702129,16298.593904256186,1016.7598804448902,370.12059756898833,395.8182839371536,14515.895142305153,0.0
3.904,16241.456099999992,547.9371052744306,16283.260209044154,948.7686675775996,258.60904936302245,351.4092698081544,14724.473222295377,0.0
3.968,16029.145400000007,544.7728112290482,16201.312624591388,885.2293189632792,178.32161216800685,311.86301267516075,14825.898680784941,0.0
4.032,16594.9893,553.0985231070918,16056.968095332326,825.8607557562144,121.37225023184965,276.66631610909195,14833.06877323517,0.0
4.096,16191.186199999991,547.175340847591,15855.576518982727,770.3984406112114,81.56113114915257,245.35695233533406,14758.259994887028,0.0
4.16,17190.556599999996,561.7025691418308,15603.168284088217,718.5935532121122,54.12360362923112,217.51915046394478,14612.93197678293,0.0
4.224,15818.596699999996,541.6363056256358,15306.091678679837,670.212186564628,35.47472388800134,192.77938317803668,14407.62538504917,0.0
4.288,14995.618699999986,529.2436881874838,14970.73161758485,625.0345668804487,22.97034352236652,170.80245289670034,14151.924254285335,0.0
4.352,14688.175000000005,524.5205033692816,14603.300246219553,582.8542991617737,14.696621689840368,151.28787272813443,13854.461452639804,0.0
4.416,13966.698599999994,513.3843549746321,14209.689179275461,543.4776399941496,9.292930281060677,133.96653335269883,13522.952075647552,0.0
4.48,13597.266,507.57612762687677,13795.373985386927,506.72279855381174,5.80837677336256,118.59764401642518,13164.24402245029,0.001143593037698574
4.544,13244.664500000006,501.9797705459053,13377.071223906518,472.419266418942,3.5892514275348915,104.96593382017613,12784.37824064768,11.71853159218485
4.608,11873.239599999999,479.4394520776937,13050.380472443629,440.4071764298545,2.1932006105518456,92.87909825113341,12388.65345709183,126.24754006025718
4.672,12854.350800000006,495.6246645951526,12846.242457033568,410.5366905604202,1.3254243296948418,82.16547525285783,11981.691883828817,370.52298306178
4.736,11701.609900000001,476.64392371683044,12702.80774112685,382.6674165327798,0.7923348341847405,72.67193493088025,11567.503580817101,679.1724740119026
4.8,13318.441300000008,503.06359307898913,12566.978409563628,356.6678527217148,0.46861194981276166,64.26196713204743,11149.548002056912,996.031975703142
4.864,12630.405199999992,492.00249662522657,12411.6843132895,332.41486074718955,0.2742463230783969,56.81395152875603,10730.791845804222,1291.3894088862528
4.928,12098.451499999996,483.21426390927024,12226.944326327297,309.7931650377008,0.15884065850811976,50.219595412805624,10313.762742821194,1553.0099823970888
4.992,12643.294999999995,492.1649715815464,12011.580674046469,288.69487855825366,0.0910636550675693,44.38252510155073,9900.598600097495,1777.8136066341008
5.056,11119.2831,466.67370997547664,11768.414556977834,269.01905383069715,0.05168431048277392,39.21701763703404,9493.092608101297,1967.0341930983238
5.12,11858.36210000001,479.22279499178035,11501.796104868115,250.6712583272132,0.02904483884574951,34.64686028229487,9092.734044120543,2123.7148972992177
5.184,11167.354900000008,467.4996226022184,11216.40427296367,233.56317328676607,0.016163701447274054,30.604326161462875,8700.745081957872,2251.4755278561224
5.248,11553.037700000003,474.0848985564826,10916.696429196152,217.61221498664227,0.008909185060696332,27.02925523137741,8318.113863096867,2353.9321866962055
5.312,10702.401699999995,459.4630891477981,10606.682101540966,202.74117749455394,0.004864328396733905,23.86823059726701,7945.624106510716,2434.443722610033
5.376,11200.989000000007,468.10768963066744,10289.855155666337,188.87789592916928,0.002631217432596798,21.073840982571152,7583.881540759201,2496.0192467779634
5.44,10369.028899999994,453.67431352063653,9969.200747584577,175.95492926670656,0.001410261082702829,18.604020925630973,7233.337438086724,2541.302949044432
5.504,9790.872899999998,443.32642728236107,9647.235012514173,163.90926174697753,0.0007490486882812042,16.421460998661434,6894.309519577507,2572.594021142339
5.568,10001.485000000008,447.1578902335983,9326.056570249102,152.68202195275626,0.0003943174326796652,14.493081024094463,6567.00048565335,2591.8805873014685
5.632,9041.221099999993,429.63370018761543,9007.399685853597,142.21821866058949,0.00020576137292989004,12.789559898568209,6251.514409143958,2600.8772923891083
5.696,9091.66,430.6208319363126,8692.684412383744,132.46649258823646,0.00010644349016451226,11.28491622523908,5947.8712100877765,2601.061687039001
5.76,8054.002599999995,410.93808343947205,8383.061826070261,123.37888319316004,5.459666617945368e-05,9.956134501312444,5656.019413196228,2593.707340582894
5.824,7560.079499999995,401.2532755915813,8079.453850982116,114.91060970720783,2.776887185255963e-05,8.782832110978736,5375.847371107665,2579.913010287393
5.888,7543.644800000007,400.916727822815,7782.58783275331,107.01986562435101,1.4007084772828666e-05,7.746962836027701,5107.1931195361685,2560.627870749678
5.952,7448.854099999999,399.04751441475787,7493.026309705524,99.66762589063218,7.007869531835178e-06,6.832553019329977,4849.85301440198,2536.6731093857125
6.016,6892.323299999999,387.80490484157394,7211.192528215942,92.81746607796676,3.4779500433033413e-06,6.025466902358457,4603.589286131855,2508.7603056258113
6.08,6796.799100000001,385.8426647177924,6937.392254010727,86.43539285584372,1.7124155229288617e-06,5.313198009311922,4368.136632582713,2477.507028850443
6.144,6559.022700000004,380.93001894528675,6671.832392850019,80.48968510704641,8.365500617830725e-07,4.684683769579257,4143.207959468039,2443.4500636688035
6.208,6524.886000000002,380.1692705050085,6414.636879055044,74.9507450650602,4.0552651287150543e-07,4.130140859605894,3928.499365717767,2407.0566270070844
6.272,5606.134500000004,360.5223864025732,6165.860231756824,69.7909588817016,1.9509125422594655e-07,3.6409190070009494,3723.6944608238105,2368.73389284922
6.336,5351.565000000006,354.8662390891789,5925.499122948855,64.98456606356693,9.31522626488685e-08,3.2093712361776094,3528.4680918483687,2328.8370937075897
6.4,6128.969599999997,371.8392399991682,5693.502251092321,60.507537245065365,4.415003609620459e-08,2.8287387480710557,3342.48954932747,2287.676425727564
6.464,5556.829199999997,359.4072889584988,5469.778769966861,56.33745979400003,2.0772794701660783e-08,2.4930488185314017,3165.4253137139835,2245.5229476195727
6.528,4844.737699999999,343.3758255662209,5254.205484573455,52.453430772839916,9.7034990097682e-09,2.197024272727862,2996.9413971984413,2202.613632319742
6.592,4463.0025,334.42398155509915,5046.632993653612,48.83595680495684,4.500636593993988e-09,1.9360032480787432,2836.7053296520744,2159.1557039440017
6.656,4972.699799999996,346.3502335189517,4846.890931114711,45.46686042016149,2.072876735421823e-09,1.7058680974721465,2684.3878319868913,2115.3303706081124
6.72,5017.7321999999995,347.3259025826956,4654.792435653312,42.32919247785178,9.4813026629256e-10,1.5029824093697384,2539.6642153601624,2071.2960454049803
6.784,4780.5208,341.8842844632822,4470.137958501547,39.40715028899771,4.30722803881464e-10,1.3241352331784004,2402.215540307002,2027.1911326719378
6.848,4494.988100000002,335.1981015808474,4292.718502913492,36.68600108002844,1.9435809931809154e-10,1.166491698303811,2271.7295660117634,1983.136444123202
6.912,4574.7145,337.09209718134105,4122.318375264864,34.152010462480106,8.712067732680421e-11,1.0275493047296231,2147.9015164780194,1939.2372990195477
6.976,4289.351499999996,330.31603159746976,3958.7175160408087,31.79237559203874,3.879644010082874e-11,0.9050992428574589,2030.4346872839428,1895.585353921931
7.04,3925.3446000000035,321.4803968800358,3801.69346918081,29.59516271937576,1.7165327193947278e-11,0.7971921716616928,1919.0409138747796,1852.2602004149762
7.104,4082.7140999999983,325.31259947066656,3651.0230399431975,27.549248852981687,7.546381441438743e-12,0.7021079478357523,1813.440919911192,1809.3307632311805
7.168,3451.805500000003,309.6435746699371,3506.483684399605,25.64426727106128,3.2967659827559403e-12,0.6183288553277432,1713.364562028665,1766.8565262445477
7.232,3103.550799999999,300.61312802022985,3367.8546676695196,23.870556635513005,1.431316900667755e-12,0.5445159352007959,1618.550985440207,1724.8886096585973
7.296,3087.0857999999976,300.1649408631587,3234.918022888316,22.219113476105136,6.176135106117743e-13,0.4794880607564866,1528.7487031060182,1683.4707182454358
7.36,2677.5962999999974,289.2269891681435,3107.459338529081,20.681547827210508,2.6488994995631045e-13,0.4222034429126891,1443.7156096762492,1642.639977582708
7.424,3086.309000000002,300.1314024067173,2985.2683979530457,19.250041812919267,1.1293165329856088e-13,0.37174328645685906,1363.2189400657094,1602.42767278796
7.488,2613.6757,287.46262408860133,2868.139691848727,17.91731098903561,4.786307895128327e-14,0.3272973494754698,1287.0351813236193,1562.8599021865964
7.552,2502.8936000000003,284.40046126899495,2755.8728214553203,16.676568262428336,2.0167542761162558e-14,0.28815118641536513,1214.9499454007969,1523.95815660568
7.616,3102.3722999999964,300.5673063338985,2648.2728080838624,15.521490219470406,8.448991268508657e-15,0.2536748802446359,1146.7578094759394,1485.7398335082078
7.68,2960.6763000000064,296.8367624493728,2545.1503223936857,14.446185705910953,3.5195555980279865e-15,0.22331309139128513,1082.2621296689153,1448.2186939274682
7.744,2407.987599999998,281.7577811138979,2446.321845104172,13.4451665105031,1.4579174578847909e-15,0.19657627085344476,1021.2748332302865,1411.405269092529
7.808,1856.6432000000018,265.9026906337908,2351.6097692825974,12.513320014096752,6.005797789409763e-16,0.17303290236937255,963.6161936421721,1375.3072227239593
7.872,2503.682500000001,284.4586929545071,2260.842453014254,11.64588367472722,2.4605441143852185e-16,0.15230265405353266,909.1145924867211,1339.9296741987519
7.936,2596.671900000001,286.9842410803638,2173.854230102135,10.838421227519284,1.0026371851255993e-16,0.13405033366565533,857.6062714264522,1305.2754871144978
8.0,1824.9971999999993,264.96955058021115,2090.4853854362254,10.086800486009999,4.0638502362883566e-17,0.11798055387788245,808.9350771882837,1271.345527208054
8.064,2171.9637999999995,275.103936679886,2010.5821007957836,9.387172638800271,1.6384808689560846e-17,0.10383302471517182,762.9522020434198,1238.1388930888484
8.128,1966.2891000000004,269.12938606200004,1933.9963760845417,8.735952942302477,6.571778819639721e-18,0.09137839992123464,719.5159219226501,1205.6531228196677
8.192,1494.474799999999,254.97436159889915,1860.5859303331808,8.129802716782539,2.622346148632826e-18,0.08041461248477554,678.4913339957513,1173.8843790081623
8.256,1745.1596000000009,262.5650466773769,1790.2140862228691,7.565612558926969,1.0410936506836242e-18,0.0707636420718271,639.7500952698953,1142.827614751975
8.32,1620.075600000001,258.8197623559174,1722.7496413768768,7.040486689818476,4.1125294764403334e-19,0.06226866375911727,603.1701635211269,1112.4767225021722
8.384,2140.5723000000003,274.2215971457798,1658.0667292248118,6.551728362502798,1.6164936783765934e-19,0.0547915333481982,568.6355416613783,1082.8246676675824
8.448,1635.3230000000021,259.27515253736965,1596.0446718574808,6.096826258293173,6.322817570661333e-20,0.04821056974716236,536.0360264578688,1053.8636085715716
8.512,1714.3462000000027,261.6749762130201,1536.5678269526643,5.673441805607832,2.4611859462427332e-20,0.04241859951320774,505.26696235910674,1025.5850041884364
8.576,1178.6981999999975,245.02419562502516,1479.52543055702,5.279397359490037,9.534554609241284e-21,0.03732123272355012,476.22900103954225,997.979710925264
8.64,1430.1461,252.96396473412125,1424.811437251526,4.912665184034919,3.676235133103565e-21,0.03283534294494916,448.8278671508449,971.0380695737013
8.704,1508.892299999999,255.40582080348102,1372.3243590026327,4.571357183762163,1.4108385799648821e-21,0.02888772725737854,422.97413065972614,944.7499834318869
8.768,1115.3416000000007,242.98038704978447,1321.9671038046351,4.2537153335423,5.389474918581868e-22,0.025413925102989704,398.5829860584027,919.1049884875872
8.832,879.428699999999,235.2240823822375,1273.6468150470857,3.9581027600236816,2.0494352326914772e-22,0.02235717721993651,375.5740386525116,894.0923164573305
8.896,1367.0901999999996,251.00464091255364,1227.2747123913273,3.682995430629783,7.758249136869884e-23,0.01966750811950368,353.87109806114916,869.7009513914287
8.96,1130.7752999999993,243.4800478130669,1182.7659348096977,3.426974409117118,2.923868472814761e-23,0.01730091750767904,333.4019790033441,845.9196804797289
9.024,973.0700999999985,238.32102858298234,1140.0393863272939,3.1887186394147546,1.0970817319397694e-23,0.015218667768403278,314.098309393611,822.7371396264997
9.088,1115.0456000000008,242.97894257892878,1099.0175849073403,2.966998222018537,4.098540984177043e-24,0.013386656141426227,295.89534572519506,800.1418543039854
9.152,1036.7855000000013,240.44848883625025,1059.626514835388,2.76066814959934,1.5245809782462737e-24,0.011774861566193048,278.73179568232626,778.1222761418962
9.216,832.3744999999981,233.67124982377018,1021.795482883086,2.5686624707137873,5.6470815908329745e-25,0.010356857345034092,262.54964789139956,756.6668156636276
9.28,768.6356000000001,231.49418672114575,985.4569784679187,2.38998885258921,2.0829127963685198e-25,0.009109381822324679,247.29400869484982,735.7638715386573
9.344,659.1726999999983,227.77048460395972,950.5465379696759,2.22372351590081,7.650897111687174e-26,0.008011960197313078,232.91294580986352,715.4018566837143
9.408,831.8149999999973,233.64793821130354,917.0026133165352,2.0690065162765965,2.7987773944668164e-26,0.0070465714012396775,219.3573387164564,695.569221512401
9.472,579.7237999999988,224.9900402951146,884.7664449125681,1.9250373489639145,1.019669059187882e-26,0.006197354686779267,206.58073560533037,676.254474603587
9.536,1004.3585000000007,239.37720881942099,853.7819389433089,1.7910708546764755,3.700026855061769e-27,0.005450351210889021,194.53921670484814,657.4462010325734
9.6,548.9480000000003,223.94504174125788,823.9955490661137,1.6664134061216034,1.3372876336310248e-27,0.004793276450686041,183.19126379804257,639.1330785854988
9.664,312.3161999999993,215.45242008863636,795.3561624666597,1.5504193560894557,4.814357905441656e-28,0.00421531978472699,172.49763573445094,621.3038920563346
9.728,753.3886999999977,231.0204633138825,767.8149902415898,1.4424877292762208,1.7264917159371872e-28,0.003706968006724608,162.42124973744097,603.947545806866
9.792,752.6976000000009,230.9762028898092,741.3254620494298,1.3420591412179186,6.167681148994926e-29,0.003259849922115048,152.92706830526805,587.0530747530217
9.856,878.2609000000007,235.2068551817465,715.8431249571213,1.2486129288351593,2.1949723348880578e-29,0.0028665995160062595,143.9819915031642,570.6096539256059
9.92,737.0956000000006,230.4565777947437,691.325546397354,1.1616644781386338,7.782230176623089e-30,0.00252073547920443,135.55475444406255,554.6066067396736
9.984,988.5173999999993,238.87841889574938,667.7322211420943,1.0807627356235996,2.7489375495001647e-30,0.0022165551419282927,127.61582975694897,539.0334120943799
10.048,1255.9451000000004,247.53101479327012,645.0244821898896,1.005487890795256,9.674512542996225e-31,0.001949041096627595,120.13733484410248,523.8797104138952
10.112,281.0045999999993,214.34149063350742,623.1654154585107,0.9354492181188284,3.3924550890067053e-31,0.0017137789956845884,113.09294373152821,509.1353087298679
10.176,391.02909999999883,218.34308750915804,602.1197781699655,0.8702830674831724,1.1853239158242937e-31,0.0015068851899287716,106.45780332053916,494.79018489675326
10.24,579.4685999999992,225.02162420645212,581.8539208117099,0.8096509930081736,4.1268130397945345e-32,0.0013249430326921566,100.20845385262146,480.83449102304763
10.304,578.9961000000003,224.9930577931438,562.3357125558023,0.7532380107178508,1.4317394365268987e-32,0.0011649468140932494,94.32275340429689,467.2585561939734
10.368,107.64949999999953,207.88829895436513,543.5344700166438,0.7007509762461143,4.949952467780549e-33,0.0010242524135889977,88.77980623361377,454.0528885543704
10.432,594.6619000000005,225.54579630154015,525.4208892276507,0.6519170743436387,1.7054621480609943e-33,0.0009005338675368644,83.5598948050557,441.2081768143839
10.496,956.1646999999975,237.8111921650171,507.9669807176341,0.6064824125153386,5.8560273208657025e-34,0.0007917451442973217,78.64441532501374,428.7152912349607
10.56,390.47329999999783,218.32628982364795,491.1460075686683,0.5642107116409564,2.00400946735524e-34,0.0006960865038082073,74.01581662543911,416.56528414508443
10.624,627.0451000000021,226.71506087603424,474.93242633873894,0.5248820869189691,6.835142914328799e-35,0.0006119748929252559,69.65754223885793,404.7493900380691
10.688,421.95530000000053,219.467895360766,459.30183073439593,0.4882919129287712,2.323602628710227e-35,0.0005380178933372689,65.55397551352502,393.2590252900488
10.752,296.2643999999991,214.92545289771277,444.2308979208843,0.45424976702993647,7.873314625286188e-36,0.0004729907965789566,61.69038762309067,382.0857875399671
10.816,484.59079999999904,221.70015179504017,429.69733735978684,0.4225784457125797,2.6591919712335004e-36,0.0004158164315045019,58.05288833072525,371.2214547669175
10.88,578.7430000000004,225.00959711347917,415.67984206696605,0.39311304888115833,8.952673662987136e-37,0.0003655474143670749,54.628379373161984,360.6579840975085
10.944,421.45189999999957,219.44738817304497,402.15804218653096,0.3657001273974451,3.004562454110352e-37,0.0003213505310925957,51.404510335554505,350.3875103730479
11.008,248.62889999999925,213.17562288818593,389.1124607796235,0.3401968895283964,1.005192815589968e-37,0.0002824929960750759,48.36963689338637,340.4023445037127
11.072,641.3551000000011,227.19038836991132,376.52447172997927,0.3164704622429072,3.35251877073158e-38,0.0002483303624148387,45.512781302905466,330.69497163446846
11.136,296.0194999999994,214.93313363310787,364.37625967144265,0.2943972035794342,1.1147067060491926e-38,0.00021829588546300456,42.82359502666404,321.25804914531375
11.2,106.8027000000011,207.880824762591,352.65078184587406,0.27386206256547474,3.695142786162579e-39,0.00019189116526049596,40.29232338571764,312.0844045064257
11.264,499.4383000000007,222.22279352082197,341.3317318031594,0.25475798341130235,1.2212273641448564e-39,0.00016867791435046023,37.90977213488242,303.1670330069513
11.328,280.18440000000146,214.36099179622957,330.4035048582952,0.23698535092529668,4.024109715029034e-40,0.00014827071583719905,35.667275862132364,294.4990953745217
11.392,295.2393000000029,214.89227534330143,319.8511652237694,0.2204514743077722,1.3220996666833457e-40,0.000130330652759779,33.55666811776675,286.0739153010421
11.456,468.2752000000005,221.13822267673743,309.66041473864925,0.20507010667550896,4.331044153908798e-41,0.00011455970410686744,31.570253183364013,277.8849768889056
11.52,358.5317999999993,217.21844628246592,299.81756311894463,0.1907609978511271,1.414711297738e-41,0.00010069581535190471,29.70077939477407,269.92592203050407
11.584,326.7909000000018,216.06030952268787,290.30949965691457,0.17744947812095002,4.607893346589052e-42,8.850856243805909e-05,27.941413937484363,262.19054773274684
11.648,232.38400000000183,212.59869887315102,281.12366629999246,0.16506607082292302,1.496610625792679e-42,7.779533786990325e-05,26.285719036620534,254.6728033972111
11.712,421.03840000000037,219.4666141366823,272.24803204297126,0.1535461317732674,4.847293283007524e-43,6.83779961313385e-05,24.727629467618655,247.36678806558322
11.776,483.4412000000016,221.6799973649196,263.67106856995247,0.142829513677593,1.5656184565889596e-43,6.009990318616452e-05,23.261431317230414,240.2667476391413
11.84,389.2676000000006,218.3228805789738,255.3817270853507,0.13286025379984492,5.042903586712496e-44,5.2823341451471114e-05,21.881741927998874,233.36707208021053
11.904,750.4952000000008,230.9547117209795,247.36941627595303,0.12358628328138165,1.6199263635410905e-44,4.6427227472629343e-05,20.583490962672904,226.66229260277126
11.968,122.26480000000174,208.50791070590464,239.62398134863793,0.11495915661322872,5.189689570980167e-45,4.0805104667268654e-05,19.361902528218632,220.1470788587014
12.032,264.3400999999976,213.82070119931564,232.13568409089152,0.10693379986772482,1.658175362795367e-45,3.586337802792214e-05,18.212478302134667,213.8162361255111
12.096,404.8289999999988,218.89389602513876,224.89518390369005,0.09946827639185418,5.284134060827794e-46,3.151976165281082e-05,17.130981606694736,207.6647025008418
12.16,561.895199999999,224.461124233901,217.89351975866387,0.09252356875405333,1.6795102654897536e-46,2.770191347647498e-05,16.113422379525893,201.68754610847046
12.224,388.8921000000005,218.3204711657525,211.12209303371756,0.08606337581962054,5.32436713002554e-47,2.4346234653797692e-05,15.156042991587361,195.87996232007592
12.288,656.4419000000016,227.76432824270307,204.57265118344637,0.0800539239074735,1.6836069399024e-47,2.139681376282816e-05,14.255304866150984,190.23727099657415
12.352,420.01910000000044,219.43468843201558,198.23727220277675,0.07446379105328622,5.310208215436219e-48,1.8804498377979603e-05,13.40787585480118,184.7549137524239
12.416,451.536700000001,220.56732019637892,192.1083498442498,0.06926374347134552,1.6706717596672952e-48,1.6526078664728666e-05,12.6106183287737,179.42845124592608
12.48,498.71780000000126,222.24716456828952,186.17857955128613,0.06442658337015336,5.243121527590681e-49,1.452356949423393e-05,11.860577946145915,174.25356049820059
12.544,309.898700000002,215.46423301735732,180.44094507159878,0.05992700733516806,1.6414145071805045e-49,1.2763579201573311e-05,11.15497305747798,169.22603224320642
12.608,341.2632999999987,216.60647620187265,174.88870571667744,0.05574147454643478,5.126091685065659e-50,1.1216754541219587e-05,10.49118471448843,164.34176831088803
12.672,294.45699999999897,214.9183045460311,169.51538423494114,0.05184808414945789,1.59699776867999e-50,9.85729265136608e-06,9.866747248236612,159.59677904526242
12.736,90.37779999999839,207.33523571595373,164.31475526775836,0.048226461144797374,4.963431559007155e-51,8.662511945422333e-06,9.279339385076929,154.98718075902468
12.8,42.92210000000068,205.52213223739489,159.28083435906441,0.0448576502057465,1.5389672604365228e-51,7.6124748225890774e-06,8.726775870355551,150.5091932260283
12.864,403.7918000000004,218.86778556362154,154.40786749076315,0.04172401687429766,4.7605380561740135e-52,6.689655945873601e-06,8.206999571438322,146.15913721279458
12.928,168.20989999999892,210.249051671326,149.6903211174935,0.03880915562364378,1.4691684729084648e-52,5.878650589301692e-06,7.7180740331953155,141.93343205002395
12.992,356.917899999999,217.19493248674675,145.1228726756668,0.0360978043108696,4.523613788235813e-53,5.165918218795098e-06,7.2581764605263945,137.8285932449113
13.056,199.29589999999916,211.404632457692,140.7004015429459,0.03357576457646216,1.3896554728152977e-53,4.539557054118012e-06,6.825591103895315,133.84123013491708
13.12,419.8073999999997,219.46969774983125,136.4179804255424,0.03122982777795879,4.2593732311750313e-54,3.989105872041247e-06,6.418703025152565,129.968043583506
13.184,231.29909999999927,212.62056722135418,132.2708671518521,0.029047706073629467,1.302597673785508e-54,3.5053697618676335e-06,6.035992222170956,126.20582371823774
13.248,183.54929999999786,210.83024694645587,128.2544968520427,0.027017968298692446,3.974751181511314e-55,3.0802669411337145e-06,5.67602809199794,122.55144771147913
13.312,-98.81810000000087,200.05308621367027,124.36447450424258,0.025129980301323882,1.2101899298669211e-55,2.7066940881863998e-06,5.337464213345534,119.00187760390163
13.376,105.01089999999976,207.89186784746374,120.59656782897008,0.023373849428781127,3.6766292969067836e-56,2.3784079551767717e-06,5.019033430297871,115.55415817083548
13.44,152.40979999999945,209.6892003311874,116.94670051437805,0.02174037287541549,1.1145705104931587e-56,2.089921294878107e-06,4.71954322011932,112.20541483146202
13.504,-83.41409999999905,200.65985194600327,113.4109457557821,0.020220989624330655,3.371593580762111e-57,1.8364113720707364e-06,4.437871328994939,108.95285160075146
13.568,89.46299999999928,207.32345176573207,109.98552009378822,0.018807735733037803,1.0177504875442721e-57,1.6136395389594335e-06,4.172961660434815,105.79374908398083
13.632,261.9880000000012,213.7528641929232,106.66677753613946,0.017493202730769205,3.0657321870314264e-58,1.4178805376450842e-06,3.9238204019237943,102.72546251360436
13.696,324.85390000000007,216.0557875164601,103.45120394916634,0.016270498911225,9.215569180642507e-59,1.2458603540920993e-06,3.689512376203636,99.74541982819113
13.76,639.2208000000005,227.20686569068934,100.33541170545314,0.015133213319525014,2.7644792354943134e-59,1.0947015899829337e-06,3.4691576043362184,96.8511197930958
13.824,-130.57779999999866,198.8260745922512,97.31613457501668,0.014075382246098748,8.275910473716995e-60,9.618754436772674e-07,3.2619280684166223,94.0401301624785
13.888,465.7252999999996,221.11160849385757,94.39022284795513,0.013091458053239816,2.4725067578027643e-60,8.451595012587286e-07,3.0670446624865226,91.31008588225586
13.952,-36.90739999999914,202.47913049929565,91.55463867713684,0.01217628017214514,7.372016788929513e-61,7.426006351721378e-07,2.8837743208424094,88.65868733352164
14.016,245.99930000000177,213.18026198363776,88.80645163009443,0.011325048119516325,2.193663700209206e-61,6.524823928254361e-07,2.7114273135422664,86.08369861595025
14.08,230.18339999999944,212.5966731768499,86.14283443984368,0.010533296393277896,6.514729298244966e-62,5.732963321574595e-07,2.549354699489971,83.5829458706641
14.144,-68.16740000000073,201.28207021214158,83.56105894487865,0.009796871116716904,1.9309582756237445e-62,5.037168267902402e-07,2.39694592802089,81.15431564202422
14.208,230.38960000000088,212.62158596834684,81.05849220909474,0.009111908309426438,5.71224862009904e-63,4.425789210799205e-07,2.253626580426132,78.79575327778026
14.272,182.836600000001,210.84537685591687,78.6325928128696,0.00847481367187946,1.6865779929410226e-63,3.8885886610839255e-07,2.1188562433387257,76.50526136700013
14.336,73.07939999999917,206.72877673019323,76.28090730698099,0.007882243778322534,4.970249671042135e-64,3.4165701225957104e-07,1.9921265063638998,74.28089821518176
14.4,73.4073999999996,206.7561731186547,74.00106682147076,0.007331088579994156,1.4619404285040206e-64,3.001827732385864e-07,1.8729590767689503,72.12077635593904
14.464,339.5472,216.60391707325016,71.79078382196765,0.006818455127481279,4.29208194097446e-65,2.637414108694649e-07,1.7609040044576578,70.0230610986411
14.528,324.2736000000009,216.06756146969002,69.64784900636775,0.006341652427364558,1.2577672127295782e-65,2.3172242031863702e-07,1.6555380108405287,67.98596911137744
14.592,56.90530000000126,206.11274705769094,67.57012833513568,0.005898177354199693,3.6790311761344597e-66,2.035893220408623e-07,1.5564629155772831,66.00776703861487
14.656,88.03860000000168,207.28820056022795,65.55556018883196,0.005485701544369808,1.0741737051213974e-66,1.7887069017278308e-07,1.4633041555123951,64.0867701529045
14.72,166.15509999999813,210.2143454410982,63.602152646804264,0.005102059203451747,3.130619262953122e-67,1.5715226769653006e-07,1.3757093904497966,62.22134103999875
14.784,245.17540000000008,213.16987682743877,61.707980881285266,0.004745235763490867,9.107673117616986e-68,1.380700368031673e-07,1.2933471907197054,60.40988831673203
14.848,-6.382300000000214,203.68632467080906,59.87118466143599,0.004413357331002654,2.6449212367481577e-68,1.2130412880426128e-07,1.2159058017803888,58.650865381020466
14.912,669.3536000000017,228.2739399324782,58.0899659621525,0.004104680870634354,7.667482334981396e-69,1.0657347193373479e-07,1.1430919813708211,56.94276919333757
14.976,386.51850000000104,218.3265349568352,56.36258667271461,0.0038175850732507185,2.218881381277879e-69,9.363108768395189e-08,1.0746299049883397,55.284139089021934
15.04,166.29889999999978,210.2468662820954,54.687366400608006,0.003550561860770862,6.41007491359681e-70,8.225995713417575e-08,1.0102601357086096,53.67355562077867
15.104,-132.24779999999964,198.78464597432,53.0626803660853,0.003302208483400936,1.848613941639687e-70,7.226938823579803e-08,0.9497386545948145,52.1096394307377
15.168,292.5194999999999,214.94030063416244,51.486957383258556,0.0030712201679925634,5.32218238770827e-71,6.34918233752255e-08,0.8928359481595741,50.59105015143916
15.232,-131.52799999999888,198.84969008187073,49.95867792372422,0.0028563832791288616,1.529677691488912e-71,5.5780033880899794e-08,0.8393361495472957,49.11648533511776
15.296,-69.55160000000114,201.25342626790277,48.476372258927135,0.0026565689572123834,4.389175360460576e-72,4.900465459787882e-08,0.7890362302972959,47.684679410667975
15.36,103.4354000000003,207.90709423000874,47.038618677656565,0.002470727200315457,1.2573171878470946e-72,4.305201732914015e-08,0.7417452397297376,46.2944026676745
15.424,433.1776999999993,220.01026833915301,45.64404177525109,0.002297881358867131,3.595768517111214e-73,3.782224693168086e-08,0.6972835891676858,44.94446026690229
15.488,118.90600000000086,208.4905665486351,44.29131081125854,0.0021371230144039428,1.026666798038119e-73,3.3227588240720714e-08,0.6554823783700947,43.63369127664645
15.552,-69.55980000000272,201.27083960652337,42.97913813245904,0.0019876072156145936,2.9266051133330033e-74,2.9190935849790267e-08,0.6161827617028671,42.36096773434962
15.616,-242.2691000000009,194.4213994089093,41.7062776583146,0.0018485480467729221,8.329163528875925e-75,2.5644542162438442e-08,0.5792353517186474,41.125193732904634
15.68,118.80179999999837,208.49524625112898,40.47152342605166,0.001719214505387477,2.366721043496876e-75,2.2528882109146616e-08,0.5444996579513559,39.92530453106603
15.744,-38.36309999999912,202.48925357518968,39.27370819272299,0.0015989266675099016,6.714394954684699e-76,1.9791655540383014e-08,0.5118435588590825,38.76026568740475
15.808,369.63129999999956,217.7289297876964,38.111702091725114,0.0014870521206456983,1.9018946942253145e-76,1.7386910607209147e-08,0.4811428049691186,37.62907221724844
15.872,-85.4644000000003,200.66392774542203,36.98441134137076,0.0013830026456079908,5.378874401443124e-77,1.527427346277952e-08,0.4522805513923227,36.530747772058554
15.936,-54.68790000000081,201.8450250506348,35.89077700323446,0.0012862311299546665,1.518893118751074e-77,1.3418271395169611e-08,0.4251469179807618,35.464343840705475
16.0,212.513899999999,211.99718119305695,34.82977378809961,0.001196228696858675,4.2825196172478014e-78,1.1787738063858383e-08,0.39963857550323484,34.42893897211178
16.064,369.8806999999997,217.76355183611452,33.80040890744086,0.0011125220343865558,1.2056277748457708e-78,1.0355290884916791e-08,0.3756583563081396,33.42363801874304
16.128,-179.91789999999946,196.94120278875778,32.801720968476296,0.001034670911206944,3.389020596705281e-79,9.096871816418158e-09,0.3531148880325068,32.44757140043571
16.192,118.44010000000026,208.50280454636473,31.832778910917575,0.0009622658657252829,9.512343784554865e-80,7.991343855908493e-09,0.33192224900020495,31.4998943880603
16.256,180.78529999999955,210.8247573222937,30.892680983637234,0.0008949260565467214,2.6659896645970543e-80,7.020136493652622e-09,0.31199964403171326,30.57978640652884
16.32,243.43270000000166,213.14360577176078,29.980553759556443,0.0008322972630127319,7.460916026275446e-81,6.166934184352138e-09,0.2932710994625199,29.686450356663975
16.384,-69.79229999999961,201.31074989495292,29.09555118713816,0.000774050025341248,2.0849407919296942e-81,5.417402619787499e-09,0.27566517623768555,28.81911195545773
16.448,-149.13459999999986,198.16303951785338,28.236853676946367,0.0007198779146299879,5.817926725752682e-82,4.758948217377859e-09,0.25911470001639453,27.977019094256395
16.512,-306.10240000000067,191.85028493172084,27.40366722180595,0.0006694959236617391,1.6211407509651332e-82,4.18050679554973e-09,0.24355650728281017,27.159441214418973
16.576,-164.77829999999994,197.55424416189305,26.595222549165296,0.0006226389700819492,4.510826350925256e-83,3.6723578953334284e-09,0.2289312065183923,26.365668700004463
16.64,-85.9064000000003,200.6821317851441,25.81077430433038,0.0005790605041068968,1.253370035603197e-83,3.2259616369270167e-09,0.21518295354627778,25.595012287054033
16.704,133.3479000000002,209.06724142093972,25.049600263300512,0.0005385312134673252,3.477724468078136e-84,2.8338153772568012e-09,0.20225924021050573,24.846802489042723
16.768,149.0046999999986,209.65734550610554,24.311000573994797,0.0005008378188012621,9.636259749355387e-85,2.4893277661179635e-09,0.19011069560205165,24.120389038084618
16.832,-463.36480000000074,185.31764580774606,23.594297024714812,0.00046578195318294573,2.66639225256802e-85,2.1867080898445642e-09,0.17869089908993116,23.41514034148499
16.896,-23.649099999998725,203.10172559535766,22.898832338741137,0.00043317911991509744,7.367946991920524e-86,1.9208690475022098e-09,0.16795620445923012,22.730442953241123
16.96,101.64079999999922,207.8783499507059,22.223969494013243,0.0004028577231213735,2.0332019166059912e-86,1.6873413295980223e-09,0.15786557449897962,22.0657010601038
17.024,54.711600000001,206.11123217575533,21.56909106688852,0.00037465816605690666,5.603129938020886e-87,1.4821985670257852e-09,0.1483804254214662,21.4203359818188
17.088,7.59480000000076,204.31198810265468,20.933598599022716,0.0003484320124093923,1.542061156091901e-87,1.3019913917117222e-09,0.13946448053094207,20.793785685177372
17.152,-211.93970000000036,195.7097334694472,20.316911986457093,0.0003240412061929117,4.2383588869002776e-88,1.1436895031062938e-09,0.1310836325940178,20.185504311513192
17.216,-71.02369999999974,201.27108119800295,19.718468890038118,0.000301357346143567,1.1633852308903234e-88,1.0046307688322586e-09,0.12320581439624673,19.594961717291095
17.28,117.31079999999929,208.49142283974967,19.13772416633531,0.00028026101081140463,3.1892125593699376e-89,8.824765056933451e-10,0.11580087699983145,19.02164302744219
17.344,321.5629000000008,216.05369948554258,18.57414931825926,0.00026064113080861057,8.731359213615657e-90,7.751721908436326e-10,0.10884047524595927,18.46504820110732
17.408,85.60479999999961,207.2901555160087,18.02723196461731,0.00024239440492104594,2.387388184892325e-90,6.809129439487577e-10,0.10229796007221864,17.92469160945926
17.472,86.0617000000002,207.3277660448256,17.496475327877942,0.0002254247570199173,6.519455103627749e-91,5.981132011590177e-10,0.09614827724088656,17.400101625281923
17.536,148.32549999999947,209.6575723687402,16.981397739446816,0.00020964283092420104,1.7780782425245806e-91,5.253800720009315e-10,0.09036787209775385,16.89082022399276
17.6,-197.1407000000013,196.29963140719713,16.481532161787356,0.00019496552056326956,4.843350954116133e-92,4.6148993205358374e-10,0.08493460000360019,16.396402595801703
17.664,179.60030000000097,210.82847467437261,15.996425726747926,0.0001813155329741992,1.3176518153965893e-92,4.0536785854350125e-10,0.0798276421015925,15.916416768707991
17.728,-56.102699999999004,201.85946026957754,15.525639289485383,0.00016862098184030992,3.5802977964704987e-93,3.5606956367535035e-10,0.07502742610377189,15.4504432420437
17.792,258.48749999999836,213.76925405176266,15.068746997399797,0.00015681500943759235,9.716401799298172e-94,3.127655224137123e-10,0.07051555179852889,14.998074630279065
17.856,-259.6748000000007,193.81115684503587,14.625335873521347,0.00014583543500459441,2.633683809218382e-94,2.747270282455961e-10,0.06627472099859996,14.558915316813016
17.92,-260.27610000000095,193.76766142147355,14.195005413813051,0.00013562442768988472,7.13013316151271e-95,2.4131394280035295e-10,0.062288671665712635,14.132581117478335
17.984,-40.29230000000052,202.49569080615305,13.777367197876007,0.00012612820236007925,1.9280195417757336e-95,2.119639336256213e-10,0.05854211596361958,13.718698953498064
18.048,-9.0529000000015,203.70168543005113,13.372044512565296,0.000117296736671298,5.207255790670355e-96,1.8618301939049588e-10,0.05502068200596701,13.316906533636475
18.112,273.35479999999916,214.3041601290467,12.97867198804462,0.00010908350791842983,1.4047335266504926e-96,1.6353726372912136e-10,0.051710859079268555,12.926852045293897
18.176,53.87440000000106,206.12551216802686,12.596895245828357,0.00010144524828034332,3.785039082704943e-97,1.4364547821679967e-10,0.04859994613427867,12.548193854302152
18.24,242.14359999999851,213.17293493450816,12.226370558376788,9.434171717563836e-05,1.0186898121540891e-97,1.261728119095843e-10,0.04567600335130412,12.180600213182135
18.304,38.08119999999872,205.52833266493886,11.866764519829479,8.773548953333817e-05,2.7384983539264707e-98,1.1082511976126733e-10,0.04292780659652455,11.823748977632595
18.368,367.4827000000005,217.7384863496612,11.517753727477468,8.15917588663942e-05,7.353356942553982e-99,9.734401530795569e-11,0.04034480459723622,11.477327331024021
18.432,-213.65599999999858,195.66680254824377,11.17902447359199,7.587815411355913e-05,1.972264384574816e-99,8.550252449937608e-11,0.03791707867414441,11.14103151667823
18.496,100.53590000000031,207.8992205775276,10.850272447242071,7.056456928742671e-05,5.283899883266324e-100,7.510126765027158e-11,0.03563530487842927,10.814566577719253
18.56,-181.86679999999978,196.95920161907708,10.531202445748567,6.562300503365003e-05,1.4140266626970596e-100,6.596510535400495e-11,0.033490718390352045,10.497646104287217
18.624,53.011299999999665,206.0899451690977,10.221528095435978,6.102742126886527e-05,3.7798777911381e-101,5.7940191992482715e-11,0.03147508004466853,10.189991987912101
18.688,100.50610000000233,207.91130458707005,9.92097158135665,5.675360012299581e-05,1.0092961052258736e-101,5.089138732245731e-11,0.029580644856118034,9.891334182849517
18.752,115.84649999999783,208.4796592181515,9.62926338567515,5.2779018465707e-05,2.6920530672263805e-102,4.469998263297078e-11,0.027800132425783494,9.601410474186201
18.816,-88.40850000000046,200.63956055311226,9.346142034412336,4.90827293470966e-05,7.172594598965432e-103,3.9261703253089e-11,0.02612669911620151,9.319966252527527
18.88,-72.26109999999971,201.29154902943682,9.071353852260577,4.564525172950928e-05,1.9089741008964169e-103,3.44849538317386e-11,0.02455391188976218,9.0467542950846
18.944,446.1252999999988,220.59733556246817,8.80465272519273,4.244846793089536e-05,5.075259730404576e-104,3.028927689038395e-11,0.023075723711208522,8.7815345529833
19.008,37.20119999999906,205.50875049949272,8.545799870598092,3.9475528240636085e-05,1.3478897223608942e-104,2.660399873282061e-11,0.02168645042094395,8.524073944622304
19.072,-25.868399999999838,203.07921772202786,8.294563614688586,3.671076220641354e-05,3.575951668627498e-105,2.3367039944711923e-11,0.020380748991401573,8.27414615491161
19.136,84.30579999999964,207.30736236604537,8.050719176928572,3.413959612575193e-05,9.477055243139681e-106,2.0523870481477073e-11,0.019153597083951524,8.03153144022797
19.2,-88.62829999999849,200.65040215941775,7.814048461250551,3.174847630843773e-05,2.5090132202940016e-106,1.802659177315813e-11,0.01800027382873041,7.796016438927486
19.264,-41.37179999999944,202.50039962662882,7.584339853828319,2.9524797706345122e-05,6.6356503514436e-107,1.5833130409787123e-11,0.016916341754398104,7.567393987260382
19.328,178.41869999999926,210.8510612743992,7.361388027187424,2.745683753538826e-05,1.7531466863629566e-107,1.3906529846325343e-11,0.015897629799170143,7.3454629405368115
19.392,-57.41700000000128,201.87256962021652,7.144993750441196,2.5533693540547177e-05,4.627116275903317e-108,1.2214328213990414e-11,0.014940217338562996,7.130027999396878
19.456,-183.10380000000123,196.92654921886157,6.934963705448176,2.3745226579311964e-05,1.2200092326541253e-108,1.0728011772365029e-11,0.014040419169134148,6.920899541041734
19.52,36.98219999999901,205.52608170340733,6.731110308694581,2.208200722157961e-05,3.2135087545375023e-109,9.422534808405596e-12,0.013194771391114034,6.717893455286823
19.584,-120.42740000000049,199.41294965344193,6.533251538712359,2.0535266085143898e-05,8.455954037233589e-110,8.275897905700675e-12,0.012400018136231318,6.5208309853017665
19.648,-41.73780000000079,202.49790320788358,6.341210768850491,1.909684764554862e-05,2.2228776399887505e-110,7.268777488832573e-12,0.01165309909023087,6.329538572905346
19.712,225.64419999999973,212.63253515677502,6.154816605223732,1.7759167277339015e-05,5.837694324803119e-111,6.384200409943912e-12,0.01095113776259451,6.143847708287476
19.776,146.82110000000011,209.69547118749207,5.973902729669208,1.6515171300723423e-05,1.5315916765709047e-111,5.6072581021085514e-12,0.010291430458806067,5.963594784033495
19.84,271.946899999999,214.31499120149272,5.798307747547663,1.5358299823461798e-05,4.014426158544855e-112,4.9248554895553155e-12,0.009671435913163828,5.788620953329751
19.904,36.78619999999819,205.53691811695091,5.627875040231608,1.4282452182485798e-05,1.0512009091350212e-112,4.3254904293961384e-12,0.009088765542648956,5.618771992232451
19.968,-120.87229999999909,199.4041111811019,5.46245262212852,1.3281954803426326e-05,2.7499999115928733e-113,3.799059973067511e-12,0.008541174284714025,5.453898165885204
